serial_no,exam_name,question,label,prediction,is_multi,correct,latency,raw_response,error
1,MAT 2024-2025,মস্তিষ্কের কোন অংশ মানুষের ক্ষুধা নিয়ন্ত্রণ করে?,C,,False,False,1.5739148939999268,,
2,MAT 2024-2025,ডেলটয়েড টিউবারসিটি কোন অস্থির অংশ?,D,D,False,True,2.4233904410000378,D,
3,MAT 2024-2025,ফুসফুসের আবরণকে কি বলে?,D,D,False,True,3.5111765600001945,D,
4,MAT 2024-2025,নিচের কোনটি মানুষের দ্বিতীয় মস্তিষ্ক হিসাবে পরিচিত?,B,B,False,True,2.002113261999966,B,
5,MAT 2024-2025,কানের কোন অংশ ভারসাম্য রক্ষায় কাজ করে?,B,B,False,True,0.5825808420001977,B,
6,MAT 2024-2025,নিচের কোন হরমোনটি মানুষের ডিম্বাশয় থেকে নিঃসৃত হয়??,C,C,False,True,0.6571191379998709,C,
7,MAT 2024-2025,কোন চক্রের মাধ্যমে যকৃতে ইউরিয়া তৈরী হয়?,B,,False,False,0.3373492680000254,,
8,MAT 2024-2025,কোন এন্টিবডি প্রধানত এলার্জির সাথে সংশ্লিষ্ট?,D,D,False,True,1.2637555080000311,D,
9,MAT 2024-2025,মানবদেহে সপ্তম করোটিক স্নায়ুর নাম কি?,B,B,False,True,0.4369910499999605,B,
10,MAT 2024-2025,এনজিওপ্লাস্টি করলে কি হয়?,B,B,False,True,0.415173563000053,B,
11,MAT 2024-2025,কোন কোষ হেপারিন তৈরী ও নিঃসরণ করে?,D,,False,False,1.638564798999596,,
12,MAT 2024-2025,ডাক্টাস ক্যুভেইরি রুই মাছের কোন তন্ত্রের অংশ?,B,B,False,True,3.8226656280003226,B,
13,MAT 2024-2025,পেসমেকারের কাজ কি?,D,,False,False,2.710680590000265,,
14,MAT 2024-2025,"পূর্ণবয়স্ক সুস্থ মানুষের দুই বৃক্কে প্রতি মিনিটে মোট রক্ত সঞ্চালনের
পরিমাণ-",D,D,False,True,1.563277787000061,D,
15,MAT 2024-2025,কোনটির উপস্থিতিতে স্নেহ পদার্থের ইমালসিফিকেশন হয়?,A,A,False,True,2.7923326639997867,A,
16,MAT 2024-2025,নিচের কোনটি নাইট্রোজেনবিহীন পদার্থ?,A,,False,False,1.521341418999782,,
17,MAT 2022-2023,মুখে খাওয়ার পোলিও ভ্যাকসিনটি কোন ধরনের ভ্যাকসিন?,B,B,False,True,2.1312415180000244,B,
18,MAT 2022-2023,নিচের কোনটি ম্যাক্রোফেজের কাজ নয়?,B,B,False,True,2.128474198999811,B,
19,MAT 2022-2023,অন্তঃশ্বসন-,AB,ABD,True,False,0.7989536869999938,"A,B,D",
20,MAT 2022-2023,Mollusca এর ক্ষেত্রে কোনটি সঠিক?,B,B,False,True,1.202799127000162,B,
21,MAT 2022-2023,গ্লুকাগন-,D,D,False,True,0.5266848350001965,D,
22,MAT 2022-2023,মানবদেহে কোনটি লুপ্তপ্রায় অংগ?,B,D,False,False,1.133045784999922,D,
23,MAT 2022-2023,কোন উদ্দীপনা অ্যানিমোট্যাক্সিসকে প্রভাবিত করে?,A,,False,False,1.4610937729999025,,
24,MAT 2022-2023,মায়োফাইব্রিলে কি ধরনের আমিষ থাকে?,A,,False,False,1.0867055079997954,,
25,MAT 2022-2023,অন্ত্রের প্রথম প্রতিরক্ষার স্তর কোনটি?,A,A,False,True,4.9872075409998615,A,
26,MAT 2022-2023,বুকের দুধের কোন উপাদানটি নবজাতকের প্রতিরক্ষায় কার্যকর?,B,,False,False,0.7704524810001203,,
27,DAT 2021-2022,নিচের কোন স্তন্যপায়ী প্রাণী ডিম পাড়ে?,C,,False,False,1.4292064030000802,,
29,DAT 2021-2022,নিচের চার প্রকোষ্ঠ বিশিষ্ট হৃদপিন্ড কোন প্রাণীতে দেখা যায়?,A,A,False,True,1.0717097140000078,A,
30,DAT 2021-2022,কোন hormone পাকস্থলির এসিড নিঃসরণ নিয়ন্ত্রণ করে?,D,D,False,True,1.083076852999966,D,
31,DAT 2021-2022,কোন কোষ বিভাজন পদ্ধতিতে RBC তৈরি হয়?,B,,False,False,1.0711785009998493,,
32,DAT 2021-2022,কোন hormone রক্তে Na+ এবং K+ এর সমতা রক্ষা করে?,C,C,False,True,0.5843667340000138,C,
33,DAT 2021-2022,স্বাভাবিক অবস্থায় হৃদপিন্ডের পেসমেকার কোনটি?,B,,False,False,2.4591444560001037,,
34,DAT 2021-2022,নিচের কোন রক্তকণিকাটি স্মৃতিকোষ?,D,D,False,True,11.78861509599983,D,
35,DAT 2021-2022,যকৃতে অবস্থিত ম্যাক্রোফেজকে কি কোষ বলে?,B,B,False,True,0.47446019300014086,B,
36,DAT 2021-2022,পূর্ণবয়স্ক সুস্থ মানুষের দেহের ওজনের কত শতাংশ রক্ত থাকে?,A,A,False,True,4.132582221000121,A,
37,MAT 2024-2025,নিচের কোনটিতে হাইড্রার বহিঃকোষীয় পরিপাক সংঘটিত হয়?,C,C,False,True,3.235155523999765,C.,
38,DAT 2021-2022,ব্লাড গ্রুপ AB তে প্লাজমায়-,A,,False,False,1.0347389989997282,,
39,DAT 2021-2022,কোনটি প্লাজমা প্রোটিন নয়?,A,A,False,True,0.4403256049999982,A,
40,DAT 2021-2022,কোন রক্তকণিকা দেহে antibody তৈরি করে?,D,D,False,True,2.519144310000229,D,
41,DAT 2021-2022,কোনটি Live attenuated ভ্যাক্সিন?,A,A,False,True,1.2366519910001443,A,
42,DAT 2021-2022,আমাদের জাতীয় পাখির বৈজ্ঞানিক নাম কি?,B,B,False,True,0.4594096749997334,B,
43,MAT 2021-2022,মানবদেহের কোন অঙ্গে সবচেয়ে বেশি মাত্রায় রক্ত প্রবাহিত হয়?,C,C,False,True,9.239649837000343,C,
44,MAT 2021-2022,ক্ষুদ্রান্ত্রের কোন স্তরে গবলেট কোষ থাকে?,B,B,False,True,7.951129195000249,B,
45,MAT 2021-2022,ভ্রুণ অবস্থায় মাতৃগর্ভে কখন প্রথম হৃদস্পন্দন শুরু হয়?,C,C,False,True,1.1450718060000327,C,
46,MAT 2021-2022,মাতৃদুগ্ধে কোন ধরনের immunoglobulin থাকে?,D,D,False,True,1.0798627909998686,D,
47,MAT 2021-2022,মানুষের হৃদপিন্ডের কোন প্রকোষ্ঠের প্রাচীর সবচেয়ে পুরু?,D,D,False,True,0.7763663740001903,D,
48,MAT 2021-2022,প্রজাপতি' এর প্রতিসাম্যতা কোন ধরনের?,C,C,False,True,3.4912259200000335,C,
49,MAT 2021-2022,ঘাসফড়িং এর কোন গ্রন্থি থেকে জুভেনাইল হরমোন ক্ষরিত হয়?,D,,False,False,1.2236887929998375,,
50,MAT 2021-2022,রক্তে অক্সিজেনের মাত্রা (O₂ saturation) ও হৃদস্পন্দন পরিমাপক যন্ত্রের নাম হল-,A,A,False,True,2.305128106999746,A,
51,MAT 2021-2022,কেঁচো কোন অঙ্গের মাধ্যমে শ্বাসপ্রশ্বাস নেয়?,C,C,False,True,0.44897466300017186,C,
52,MAT 2021-2022,কোন এনজাইম লালা গ্রন্থিতে পাওয়া যায়?,D,BD,False,False,1.0297092430000703,"B,D",
53,MAT 2021-2022,"কোন রক্ত কনিকা ""cell-mediated immunity” এর সাথে সম্পৃক্ত?",B,B,False,True,0.9077259959999537,B,
54,MAT 2021-2022,কোনটি autosomal recessive disorder?,A,,False,False,6.131703102000301,,
55,MAT 2021-2022,কোন এনজাইম আমিষ পরিপাকে সাহায্য করে?,B,B,False,True,2.3555863299998236,B,
56,MAT 2021-2022,কোন পদ্ধতিতে কোভিড ১৯ ভ্যাক্সিন প্রস্তুত করা হয় না?,D,,False,False,3.985843710000154,,
57,MAT 2020-2021,কোনটি ভাইরাস বৃদ্ধিতে বাঁধা দেয়?,A,A,False,True,2.0031856020000305,A,
58,MAT 2020-2021,Alveolus থেকে অক্সিজেন রক্তে কিভাবে প্রবেশ করে?,D,D,False,True,0.41401234200020554,D,
59,MAT 2020-2021,কোনটি Exocrine গ্রন্থি নয়?,A,A,False,True,0.5883146659998602,A,
60,MAT 2020-2021,কোনটি হাড়ের সাথে পেশি সংযুক্ত করে?,D,D,False,True,0.7443439260000559,D,
61,MAT 2020-2021,মানবদেহের রক্তে কোন বাফার দ্রবণ (buffer solution) থাকে?,A,A,False,True,0.8560517959999743,A,
62,MAT 2020-2021,কোনটি আমিষ পরিপাককারী (digesting) এনজাইম?,B,B,False,True,0.6880463819998113,B,
63,MAT 2020-2021,নেমাটোসিস্টের (Nematocyst) ভিতরে বিষাক্ত তরল পদার্থের নাম কী?,A,A,False,True,0.8931355739996434,A,
64,MAT 2020-2021,ঘাসফড়িং এর রক্ত কণিকার নাম কী?,D,,False,False,1.8004623760002687,,
65,MAT 2020-2021,ক্ষুদ্রান্ত্রের কোন স্তরে পানপাত্র সেল (Goblet cell) পাওয়া যায়?,C,C,False,True,0.5030931880000935,C,
66,MAT 2020-2021,মাথার খুলিতে কয়টি হাড় রয়েছে?,C,,False,False,7.715183010999681,,
67,MAT 2020-2021,কোনটি attenuated টিকা?,B,,False,False,2.565962443999979,,
68,MAT 2020-2021,কোন কোষ ম্যাক্রোফেজে (macrophages) রূপান্তরিত হয়?,B,B,False,True,0.7942429219997393,B,
69,MAT 2020-2021,কোন পদ্ধতিতে Hydra লম্বা দূরত্ব অতিক্রম করে?,B,,False,False,1.8247653620001074,,
70,MAT 2020-2021,কোষের কোথায় ক্রেবস চক্র (Krebs cycle) সংঘটিত হয়?,C,C,False,True,0.5546063239999057,C,
71,MAT 2020-2021,কোন এনজাইম অগ্ন্যাশয়ে নাই?,A,A,False,True,1.34034246300007,A,
72,MAT 2020-2021,ভ্রূণে লোহিত কণিকাসমূহ নিম্নের কোথায় তৈরি হয়?,AC,D,True,False,1.5101533970000673,D,
73,MAT 2020-2021,প্রাণিজগতের বৃহত্তম Phylum কোনটি?,A,A,False,True,0.8888600760001282,A,
74,MAT 2020-2021,লিভারের কোন লোবটি পিত্তথলির সাথে সংযুক্ত থাকে?,A,A,False,True,35.56105947299966,A,
75,MAT 2020-2021,মানুষের সোমাটিক কোষে কয়টি অটোসোম থাকে?,C,,False,False,11.013750011999946,,
76,MAT 2020-2021,গ্রোথ হরমোন কোথায় তৈরি হয়?,D,D,False,True,10.961921676999737,D,
77,MAT 2020-2021,Golgi complex কোনটি সংশ্লেষ (synthesis) করে না?,B,,False,False,1.6241695389999222,,
78,AFMC 2019-2020,পেসমেকারে কোন ব্যাটারি ব্যবহৃত হয়?,A,A,False,True,0.44552835800004686,A,
79,AFMC 2019-2020,দ্বিপদ নামকরণের জনক কে?,A,A,False,True,1.9465904779999619,A,
80,AFMC 2019-2020,অন্তঃশ্বসন প্রধানত কোষের কোথায় সংঘটিত হয়?,B,B,False,True,1.844610582000314,B,
81,AFMC 2019-2020,নিচের কোনটি হিমোসিলোমেট?,C,C,False,True,2.7589174299996557,C,
82,AFMC 2019-2020,কোনটির 6 টি কোডন আছে?,A,A,False,True,2.583658516000014,A,
83,AFMC 2019-2020,অত্যাবশ্যকীয় অ্যামিনো এসিড নয় কোনটি?,C,D,False,False,0.5638981739998599,D,
84,AFMC 2019-2020,ইনসুলিন কোথা থেকে নিঃসৃত হয়?,A,A,False,True,0.935991434999778,A,
85,AFMC 2019-2020,মৎস্যখনি বলা হয়?,B,,False,False,2.776057215000037,,
86,AFMC 2019-2020,অ্যাপেন্ডিক্স কোথায় থাকে?,B,B,False,True,0.7090930340000341,B,
87,AFMC 2019-2020,পিত্তথলি কোথায় উন্মুক্ত হয়?,C,,False,False,1.3934835169998223,,
88,AFMC 2019-2020,কত BMI কে স্বাভাবিক ওজন হিসেবে ধরা হয়?,C,C,False,True,2.756384408000031,C,
89,AFMC 2019-2020,লোহিত রক্তকণিকার সাথে সম্পৃক্ত নয় কোনটি?,C,,False,False,1.656225302999701,,
90,AFMC 2019-2020,কোনটি O₂ যুক্ত রক্ত পরিবহন করে?,A,AC,False,False,0.5952915339998981,"A,C",
91,AFMC 2019-2020,কোনটি লালাগ্রন্থি নয়?,D,D,False,True,0.45049276600002486,D,
92,AFMC 2019-2020,স্বরযন্ত্রের তরুণাস্থি নয় কোনটি?,A,A,False,True,2.1433529880000606,A,
93,AFMC 2019-2020,শ্রোণী অস্থি নয় কোনটি?,D,D,False,True,2.4625947529998484,D,
94,AFMC 2019-2020,দেহের ভারসাম্য রক্ষা করে কোনটি?,B,B,False,True,2.581064678000075,B,
95,AFMC 2019-2020,বয়ঃসন্ধিকালে জরায়ু বৃদ্ধি নিয়ন্ত্রণে ভূমিকা নেই কার?,D,C,False,False,6.068152456000007,C,
96,AFMC 2019-2020,গ্রন্থিরাজ বলা হয় কোনটিকে?,C,C,False,True,0.6242064980001487,C,
97,AFMC 2019-2020,মানবদেহে কোন ইউমিউনোগ্লোবিউলিন অনুপস্থিত?,A,A,False,True,3.2987452510001276,AA,
98,AFMC 2019-2020,সেক্স লিঙ্কড জিন নয় কোনটি?,B,B,False,True,0.7644520819999343,B,
99,AFMC 2019-2020,রক্ত জমাট বাধার ফ্যাক্টর নয় কোনটি?,C,B,False,False,0.8250472670001727,B,
100,AFMC 2018-2019,নিচের কোন প্রাণীটি ত্রিস্তরী?,B,,False,False,11.40421066800036,,
101,AFMC 2018-2019,রক্তে গ্লুকোজের মাত্রা নিয়ন্ত্রণে কোন সংবহনতন্ত্রের ভূমিকা রয়েছে?,C,C,False,True,3.219376766000096,C,
102,AFMC 2018-2019,মূত্রে অস্বাভাবিক হারে অ্যালবুমিন নির্গত হওয়াকে কী বলে?,B,B,False,True,2.576475446999666,B,
103,AFMC 2018-2019,কোনটি মুখমন্ডলের অস্থি নয়?,D,,False,False,1.7851246690001972,,
104,AFMC 2018-2019,উদরীয় টনসিল নামে পরিচিত কোনটি?,A,A,False,True,1.7078413770000225,A,
105,AFMC 2018-2019,পরিপাক সংবহনের কাজ দুটি সম্পাদন করে-,C,C,False,True,5.494475785999839,C,
106,AFMC 2018-2019,নাইট্রোজেন সংবন্ধন করে নিচের কোনটি?,D,D,False,True,1.0628029360000255,D,
107,AFMC 2018-2019,কোনটি বহুরূপী ব্যাকটেরিয়া?,C,,False,False,1.389137946000119,,
108,AFMC 2018-2019,রুই মাছের আঁশের বৃদ্ধি কোন সময়ে বেশি হয়?,A,D,False,False,0.9242158690003635,D,
109,AFMC 2018-2019,কোন গ্রন্থির ক্ষরণকাল আজীবন নয়?,C,C,False,True,2.1156681900001786,C,
110,AFMC 2018-2019,প্রতিবর্তী ক্রিয়া নিয়ন্ত্রিত হয় কোন অঙ্গ দ্বারা?,D,,False,False,2.525289477000115,,
111,AFMC 2018-2019,রেচনতন্ত্র শিখাকোষ নিয়ে গঠিত কোন পর্বের প্রাণীর?,B,B,False,True,0.6831967620000796,B,
112,AFMC 2018-2019,নিচের কোনটি শ্বাসরঞ্জক নয়?,C,,False,False,2.6394929690000026,,
113,AFMC 2018-2019,Erythoprotein কোথায় তৈরি হয়?,B,B,False,True,0.562144895000074,B,
114,AFMC 2018-2019,এন্টিবডির গড়ন দেখতে কোন প্রকৃতির?,D,,False,False,2.130843139999797,,
115,MAT 2023-2024,কোন এনজাইম ব্যাকটেরিয়া ধ্বংস করে?,D,D,False,True,11.486243066999577,D,
116,MAT 2023-2024,হিমোগ্লোবিনের কোন অংশে CO₂ যুক্ত হয়?,D,D,False,True,2.8936318389996813,D,
117,MAT 2023-2024,সরিসৃপের যুগ কোনটি?,C,C,False,True,1.0198570369998379,C,
118,MAT 2023-2024,কোন প্রাণীর ক্ষেত্রে পুরুষ অপেক্ষা স্ত্রীতে একটি ক্রোমোজোম বেশী থাকে?,C,,False,False,2.005623278999792,,
119,MAT 2023-2024,সবচেয়ে বেশি খাদ্যসার শ্যোবত হয়-,C,B,False,False,0.42675511100014774,B,
120,MAT 2023-2024,নিচের কোন কোষ যেকোনো ধরনের কোষে পরিণত হতে পারে?,B,B,False,True,2.24840786499999,B,
121,MAT 2023-2024,প্লাজমার কোন উপাদান রক্তক্ষরণ বন্ধে সহায়তা করে?,C,,False,False,1.4188620720001381,,
122,MAT 2023-2024,বর্ণান্ধ বাবা ও স্বাভাবিক দৃষ্টির মায়ের (বাহক নয়) কন্যা সন্তানের স্বাভাবিক দৃষ্টির সম্ভাব্য হার কত?,D,D,False,True,0.6559299499999725,D,
123,MAT 2023-2024,রাইবোজ-,A,A,False,True,2.5123346269997455,A,
124,MAT 2023-2024,নিচের কোনটি লাইসোসোম (Lysosome) এর বৈশিষ্ট্য?,D,D,False,True,1.487955404999866,D,
125,MAT 2023-2024,কোন পর্বের প্রাণীতে র ্যাবডিটিফর্ম লার্ভা দশা দেখা যায়?,A,B,False,False,2.049134763999973,B,
126,MAT 2023-2024,নিচের কোনটিতে অরীয় প্রতিসাম্য দেখা যায়?,B,,False,False,1.633877147000021,,
127,AFMC 2017-2018,মুখমন্ডলীয় অস্থিতে প্যালেটিন এর সংখ্যা কত?,B,B,False,True,0.39290132799987987,B,
128,AFMC 2017-2018,রেটিনার কোন ধরনের কোষ থেকে অপটিক স্নায়ু তৈরী হয়?,D,D,False,True,2.461708643000293,D,
129,AFMC 2017-2018,নিচের কোন দুইটি অস্থি । আকৃতির?,B,C,False,False,0.41822283300007257,C,
130,AFMC 2017-2018,হাইড্রা সামারসল্টিং চলনে একবার চললে কয়টি লুপ তৈরী করে?,D,,False,False,1.0601427669998884,,
131,AFMC 2017-2018,অগ্রবক্ষের বড় এবং চওড়া অংশের নাম কি?,C,D,False,False,1.7334024609999688,D,
132,AFMC 2017-2018,রুই মাছের ক্ষেত্রে নিচের কোনটি সঠিক নয়?,D,,False,False,1.4311116150001908,,
133,AFMC 2017-2018,পোডোসাইট কোথায় পাওয়া যায়?,C,C,False,True,1.574290431999998,C,
134,AFMC 2017-2018,হাইড্রার দেহের Life Playing Guest বলা হয় কাকে?,A,C,False,False,3.1605404980000458,C,
135,AFMC 2017-2018,কোনটির অভাবে টিটেনি হয়?,A,A,False,True,2.1849034930000926,A,
136,AFMC 2017-2018,ইঁদুর এর ক্ষেত্রে কোনটি ফিনাইল এলানিন কোড করে?,C,C,False,True,0.9826942289996623,C,
137,AFMC 2017-2018,Tidal Volume এর মান কত?,A,,False,False,0.9518480709998585,,
138,AFMC 2017-2018,New Born Baby এর ক্ষেত্রে প্রতি মিনিটে হৃদস্পন্দন হার কত?,D,,False,False,1.6191595330001292,,
139,AFMC 2017-2018,সুপারফিশিয়াল কটিক্যাল নেফ্রন কত শতাংশ?,A,D,False,False,28.08937514599984,D,
140,AFMC 2017-2018,ক্ল্যাভিকল অ্যারোমিয়াল প্রান্ত দিয়ে কার সাথে যুক্ত হয়?,B,,False,False,1.4777717699998902,,
141,AFMC 2017-2018,নিম্নের কোনটি ভ্রূণের এক্টোডার্ম থেকে তৈরি হয়?,C,C,False,True,2.7462360019999323,C,
142,AFMC 2017-2018,এনজাইনার ব্যাথা কতক্ষণ স্থায়ী হয়?,B,B,False,True,1.3813149010002235,B,
143,AFMC 2017-2018,ক্লোরোকুইন ওষুধ কোথায় শোষিত হয়?,B,B,False,True,0.7374328900000364,B,
144,AFMC 2017-2018,শ্বাসনালি কোন ধরনের তরুনাস্থি নির্মিত?,B,B,False,True,3.2073617559999548,B,
145,DAT 2024-2025,মানবদেহের দীর্ঘতম কোষ কোনটি?,C,,False,False,0.9620272069996645,,
146,DAT 2024-2025,কোন ভিটামিন কোলেস্টেরল থেকে উৎপন্ন হয়?,D,D,False,True,11.143102345999978,D,
147,DAT 2024-2025,প্রাণীর নখে কোন ধরনের প্রোটিন থাকে?,B,B,False,True,2.2818485249999867,B,
148,DAT 2024-2025,কোন ব্যাকটেরিয়া ভিটামিন উৎপন্ন করে?,D,C,False,False,2.7571146190002764,C,
149,DAT 2024-2025,05. দেহের জন্যে ভালো কোলোস্টেরল কোনটি?,A,A,False,True,0.7131538450003063,A,
150,DAT 2024-2025,মানবদেহের সুনির্দিষ্ট প্রতিরক্ষায় তৃতীয় জ্বরে কাজ করে কোনটি?,B,B,False,True,0.6802062920000935,B,
151,DAT 2024-2025,কোন লালাগ্রন্থির ভাইরাসজনিত সংক্রমণকে মাম্পস বলে?,C,C,False,True,0.7730343879998145,C,
152,DAT 2024-2025,মেরুদন্ডের কোন অংশে সবচেয়ে বেশি কশেরুকা থাকে?,D,D,False,True,0.8292932019999171,D,
153,DAT 2024-2025,ট্রিপসিন জারকের জন্যে সঠিক কোনটি?,A,A,False,True,0.9163615839997874,A,
154,DAT 2024-2025,পূর্ণবয়স্ক সুস্থ মানুষের দু'টি ফুসফুসে আলভিওলাসের সংখ্যা কত?,D,C,False,False,0.6413261970001258,C,
155,DAT 2024-2025,নিচের কোনটিতে রেনাল পোর্টাল সিস্টেম উন্নত ধরণের?,B,B,False,True,1.2303585349995956,B,
156,DAT 2024-2025,মানবদেহের সবচেয়ে ছোট অস্থি কোনটি?,C,C,False,True,0.5337065929998062,C,
157,DAT 2024-2025,মানবদেহে অক্সিজেন পরিবহনে কোনটি সঠিক?,B,,False,False,5.504258785999809,,
158,DAT 2024-2025,কোন রক্তকণিকা হিস্টামিন নিঃসরণ করে?,A,,False,False,0.5236666910000167,,
159,DAT 2024-2025,রক্ততঞ্চনের কোন ফ্যাক্টরকে স্ট্যাবল ফ্যাক্টর বলে?,B,,False,False,1.021336854999845,,
160,DAT 2024-2025,করোনারী হৃদরোগ নির্ণয়ে প্রথম পরীক্ষা কোনটি?,C,,False,False,9.448082297999918,,
161,DAT 2024-2025,বি এম আই (BMI) 37 kg/m² হলে তা স্থূলতার কোন স্তর?,B,B,False,True,3.448102239000036,B,
162,DAT 2024-2025,এপিগ্লটিসে কোন ধরনের তরুণাস্থি থাকে?,D,D,False,True,3.0966649580000194,D,
163,DAT 2024-2025,মানবদেহে খনিজ লবণ (mineral) এর কাজ কি?,C,C,False,True,2.0030524809999406,C,
164,DAT 2024-2025,একজন প্রাপ্তবয়স্ক মানুষের উপরের পাটির দন্ত-সংকেত কোনটি?,D,D,False,True,0.443493825999667,D,
165,DAT 2024-2025,মানুষের হৃৎপিন্ডের বৈশিষ্ট্য কোনটি?,B,B,False,True,0.34861304600008225,B,
166,DAT 2024-2025,"মানুষ সর্বভুক প্রাণি। কারণ, মানুষের-",A,A,False,True,1.5090926699999727,A,
167,DAT 2024-2025,লসিকার (lymph) বৈশিষ্ট্য কোনটি?,D,D,False,True,0.7661245519998374,D,
168,DAT 2024-2025,নিঃশ্বাস প্রক্রিয়ায় কোনটি সঠিক?,B,ACD,False,False,0.9302806350001447,"A,C,D",
169,DAT 2024-2025,মানুষের দাঁত কোন ধরণের?,C,C,False,True,1.1823958680001851,C,
170,DAT 2024-2025,কোন গ্রন্থি আমিষ শোষণ নিয়ন্ত্রণ করে?,D,B,False,False,0.4786689919997116,B,
171,DAT 2024-2025,খাদ্যের ব্যাকটেরিয়া ধ্বংস করে দাঁতকে রক্ষা করে কোনটি?,D,D,False,True,0.5479019720000906,D,
172,DAT 2024-2025,ধমনি বিষয়ে কোনটি সঠিক?,D,D,False,True,2.6615919129999384,D,
173,AFMC 2021-2022,নিচের কোনটি সেক্স লিংকড (Sex-linked) রোগ নয়?,D,,False,False,1.1243990370003303,,
174,AFMC 2021-2022,নিচের কোন প্রক্রিয়াটি কোষের জেনেটিক্যালি নিয়ন্ত্রিত মৃত্যু?,B,B,False,True,0.3859855329997117,B,
175,AFMC 2021-2022,জিহ্বার কোন অংশে লবণাক্ত স্বাদ অনুভূত হয়?,D,,False,False,3.927341176000027,,
176,AFMC 2021-2022,"চিকিৎসা বিদ্যার কোন শাখায় স্থূলতার কারণ, প্রতিরোধ ও চিকিৎসা সম্বন্ধে আলোচনা করা হয়?",C,C,False,True,1.6943394009999793,C,
177,AFMC 2021-2022,নিচের কোনটি হ্যাগফিশ (Hagfish) নামে পরিচিত?,C,C,False,True,2.3872622469998532,C,
178,AFMC 2021-2022,"চিকিৎসা বিদ্যার কোন শাখায় স্থূলতার কারণ, প্রতিরোধ ও চিকিৎসা সম্বন্ধে আলোচনা করা হয়?",C,C,False,True,0.7418069329996797,C,
179,AFMC 2021-2022,নিচের কোনটি মেগাক্যারিওসাইট (Megakaryocytes) থেকে উৎপত্তি লাভ করে?,C,C,False,True,0.9374840669997866,C,
180,AFMC 2021-2022,গলগণ্ড রোগ হয় কোনটির অভাবে?,C,,False,False,1.5779562560001068,,
181,AFMC 2021-2022,একটি জিন অন্য জিনের কার্যকারিতা প্রকাশে বাধা দেয়ার প্রক্রিয়াকে কি বলে?,D,D,False,True,0.9768828819996997,D,
182,AFMC 2021-2022,কোন প্রানির হৃৎপিন্ডকে ভেনাস হার্ট বলে?,C,,False,False,1.3263992759998473,,
183,AFMC 2021-2022,কোন ভিটামিন কোলেস্টেরল থেকে উৎপন্ন হয়?,A,A,False,True,0.5235025910001241,A,
184,AFMC 2021-2022,নিচের কোনটি সঠিক-,C,C,False,True,0.4555593300001419,C,
185,AFMC 2021-2022,এক জোড়া ক্রোমোসোম এক সাথে অবস্থান করলে তাকে কি বলে?,B,A,False,False,0.4014956199998778,A,
186,AFMC 2021-2022,কোন অঙ্গাণু তে নিজস্ব ডিএনএ পাওয়া যায়?,B,,False,False,1.6234407000001738,,
187,AFMC 2021-2022,মাইটোসিস কোষ বিভাজনের কোন ক্ষেত্রে মেটাকাইনেসিস (Metakinesis) সংঘটিত হয়?,D,,False,False,1.4897175099999913,,
188,AFMC 2021-2022,কোন প্রক্রিয়ায় RNA হতে DNA তৈরি হয়?,A,A,False,True,1.693428366000262,A,
189,AFMC 2021-2022,মানব শরীরে কোন লিপিড (Lipid) টি সবচেয়ে বেশী থাকে?,B,A,False,False,0.38596370100003696,A,
190,AFMC 2021-2022,লার্ভা (Larva) কে সচারচর কোন নামে ডাকা হয়?,A,A,False,True,1.179743740000049,A,
191,AFMC 2021-2022,নিচের কোন এনজাইমটি পিত্তরস (Bile) এ থাকে?,C,C,False,True,2.043418318000022,"C

C",
192,AFMC 2021-2022,নিচের কোনটি সাগর ফোয়ারা (Sea squirt) নামে পরিচিত?,D,D,False,True,0.44268798599978254,D,
193,AFMC 2021-2022,নিচের কোনটি চর্বিতে দ্রবণীয় ভিটামিন নয়?,D,,False,False,2.9694615130001694,,
194,AFMC 2021-2022,নিচের কোনটি পাকস্থলীর প্যারাইটাল সেল থেকে নিঃসৃত হয়?,B,D,False,False,3.654685714000152,D,
195,AFMC 2021-2022,নিচের কোন প্লাজমা প্রোটিন (Plasma protein) টি লিভারে তৈরী হয় না?,B,,False,False,2.6650188650000928,,
196,AFMC 2021-2022,নিচের কোন ভিটামিন মানব দেহে তৈরী হয়?,D,,False,False,1.8242051570000513,,
197,AFMC 2021-2022,প্যানক্রিয়াসের আইলেটস অব ল্যাঙ্গার হ্যান্স এর কোন কোষ (Cells) থেকে ইনসুলিন নিঃসৃত হয়?,D,D,False,True,2.742927373999919,D,
198,AFMC 2021-2022,এমআরআই (MRI) এর অর্থ কি?,D,D,False,True,2.861755704999723,D,
199,AFMC 2021-2022,নিচের কোনটি যকৃতের সবচেয়ে বড় খন্ড (Lobe)?,D,D,False,True,2.2932124349999867,D,
200,AFMC 2021-2022,প্রাণিজগতের ক্ষুদ্রতম পর্ব (Phylum) কোনটি?,C,,False,False,2.7386534319998646,,
201,AFMC 2021-2022,আবরণী কলার নিচের কোনটি নড়াচড়ার কাজে ব্যবহৃত হয়?,D,,False,False,2.3749453749996974,,
202,AFMC 2021-2022,শ্বসনতন্ত্রের উৎপত্তি কোথা থেকে হয়?,A,A,False,True,1.170170890999998,A,
203,AFMC 2021-2022,সিক্রেটিন নিঃসৃত হয় কোথায় থেকে?,A,,False,False,1.4549031550000109,,
204,AFMC 2021-2022,রক্তের pH কত?,B,,False,False,4.603099311999813,,
205,AFMC 2016-2017,হাইড্রার চলন নয় কোনটি?,C,B,False,False,0.5019610790000115,B,
206,AFMC 2016-2017,কম্বোজ প্রাণি কোনটি?,C,A,False,False,0.45465359499985425,A,
207,AFMC 2016-2017,রেচনতন্ত্র শিখা কোষ দিয়ে কোনটি গঠিত?,C,,False,False,1.2923602279997795,,
208,AFMC 2016-2017,নিডোব্লাস্টের কাজ নয় কোনটি?,C,C,False,True,67.05365521800013,C,
209,AFMC 2016-2017,ঘাস ফড়িং এর শ্রেণি বিন্যাস নয় কোনটি?,C,C,False,True,1.6984055269999772,C,
210,AFMC 2016-2017,যকৃতের আবরণ কোনটি?,C,,False,False,1.6556718160004493,,
211,AFMC 2016-2017,কোনটি ওজন বাড়ায় না?,B,,False,False,1.5207593999998608,,
212,AFMC 2016-2017,ফাইব্রিন জালক সৃষ্টি করে কত নং ফ্যাক্টর?,A,,False,False,2.74681216900035,,
213,AFMC 2016-2017,ম্যক্রোলেসিথাল কার ডিম্বাণু?,A,BD,False,False,0.651968456999839,"B,D",
214,AFMC 2016-2017,কোন পর্বের প্রাণিদের Plannula লার্ভা দশা রয়েছে?,B,B,False,True,5.900397793999673,B,
215,AFMC 2016-2017,মানবদেহে বৃক্কের মাধ্যমে প্রতি মিনিটে কী পরিমাণ রক্ত প্রবাহিত হয়?,D,D,False,True,0.6379241809995619,D,
217,AFMC 2016-2017,আইলেটস অব ল্যাঙ্গারহ্যানস এর কোষ নয় কোনটি?,D,D,False,True,0.4571178890000738,D,
218,AFMC 2016-2017,নিচের কোন কোষ এন্টিবডি তৈরি করে?,C,C,False,True,1.673344070999974,C,
219,AFMC 2016-2017,পৌষ্টিক নালির প্রাচীরে বিকশিত লসিকা নালিদের কি বলে?,C,C,False,True,1.164619815000151,C,
220,AFMC 2016-2017,শ্বাসনালি কোন ধরনের তরুনাস্থি নির্মিত?,B,B,False,True,0.5212722149999536,B,
221,MAT 2019-2020,কোনটি ভাইরাস বৃদ্ধিতে বাঁধা দেয়?,A,,False,False,1.2954511420002746,,
222,MAT 2019-2020,Alveolus থেকে অক্সিজেন রক্তে কিভাবে প্রবেশ করে?,D,D,False,True,3.005058143000042,D,
223,MAT 2019-2020,কোনটি Exocrine গ্রন্থি নয়?,A,,False,False,1.5358368960000917,,
224,MAT 2019-2020,কোনটি হাড়ের সাথে পেশি সংযুক্ত করে?,D,D,False,True,4.120459477999702,D,
225,MAT 2019-2020,মানবদেহের রক্তে কোন বাফার দ্রবণ (buffer solution) থাকে?,A,,False,False,1.5336371609996604,,
226,MAT 2019-2020,কোনটি আমিষ পরিপাককারী (digesting) এনজাইম?,B,B,False,True,1.0747776350003733,B,
227,MAT 2019-2020,নেমাটোসিস্টের (Nematocyst) ভিতরে বিষাক্ত তরুণ পদার্থের নাম কী?,A,A,False,True,0.6319018169997435,A,
228,MAT 2019-2020,ঘাসফড়িং এর রক্ত কণিকার নাম কী?,D,,False,False,0.8258426050001617,,
229,MAT 2019-2020,ক্ষুদ্রান্ত্রের কোন জ্বরে পানপাত্র সেল (Goblet cell) পাওয়া যায়?,C,,False,False,1.4399040650000643,,
230,MAT 2019-2020,মাথার খুলিতে কয়টি হাড় রয়েছে?,C,,False,False,2.155645566000203,,
231,MAT 2019-2020,কোন কোষ ম্যাক্রোফেজে (macrophages) রূপান্তরিত হয়?,B,B,False,True,1.2584920869999223,B,
232,MAT 2019-2020,কোনটি attenuated টিকা?,B,,False,False,1.653424995000023,,
233,MAT 2019-2020,কোন পদ্ধতিতে Hydra লম্বা দূরত্ব আক্রম করে?,B,B,False,True,0.762019264999708,B,
234,MAT 2019-2020,কোষের কোথায় ক্রেবস চক্র (Krebs cycle) সংঘটিত হয়?,C,C,False,True,2.2043767499999376,C,
235,MAT 2019-2020,কোন এনজাইম অগ্ন্যাশয়ে নাই?,A,A,False,True,0.9985406229998262,A,
236,MAT 2019-2020,প্রাণিজগতের বৃহত্তম Phylum কোনটি?,A,A,False,True,1.5908790039998166,A,
237,MAT 2019-2020,লিভারের কোন লোবটি পিত্তথলির সাথে সংযুক্ত থাকে?,A,A,False,True,18.968363224999848,A,
238,MAT 2019-2020,গ্রোথ হরমোন কোথায় তৈরি হয়?,D,D,False,True,0.9576646280002024,D,
239,MAT 2019-2020,Golgi complex কোনটি সংশ্লেষ (synthesis) করে না?,B,B,False,True,0.5730855360002352,B,
240,MAT 2019-2020,ভ্রূণে লোহিত কণিকাসমূহ নিম্নের কোথায় তৈরি হয়?,AC,D,True,False,2.7441363200000524,D,
241,MAT 2019-2020,নিচের কোন গ্রন্থিটি ভিন্ন প্রকৃতির?,C,B,False,False,28.75117170800013,B,
242,MAT 2019-2020,কবুতর' কোন শ্রেণির প্রাণী?,D,D,False,True,2.215327933000026,D,
243,MAT 2019-2020,মানবদেহের কোন অঙ্গ ফিব্রিনোজেন তৈরি করে?,C,C,False,True,0.4408426610002607,C,
244,MAT 2019-2020,নিচের কোনটি দ্বিস্তরী?,B,B,False,True,2.8413108800000373,B,
245,MAT 2019-2020,সবচেয়ে বেশি খাদ্যসার শোষণ হয় কোথায়?,A,,False,False,0.45144202700021197,,
246,MAT 2019-2020,সর্বজনীন গ্রহীতা Blood group কোনটি?,B,B,False,True,0.5153769580001608,B,
247,MAT 2019-2020,মানবদেহের কোন অঙ্গে সর্বোচ্চ সংখ্যক গবলেট কোষ পাওয়া যায়?,A,D,False,False,0.7233797150001919,D,
248,MAT 2019-2020,হৃৎপিণ্ডে অবস্থিত কোন সংযোগকারী কলা (Junctional tissue) কে পেসমেকার বলা হয়?,D,D,False,True,0.4344662370003789,D,
249,MAT 2019-2020,ঘাসফড়িং এর হেপাটিক সিকা কয়টি?,D,,False,False,1.7936379669999951,,
250,MAT 2019-2020,পাকস্থলির কোন কোষ থেকে হাইড্রোক্লোরিক এসিড নিঃসৃত হয়?,A,,False,False,4.212251244000072,,
251,MAT 2019-2020,নিচের কোন অঙ্গ ইরাইস্ট্রোপোয়েটিন (Erythropoietin) উৎপাদন করে?,C,,False,False,1.5490776729998288,,
252,MAT 2019-2020,শ্বাসতন্ত্রের কোন অংশে গ্যাসীয় বিনিময় হয়?,B,B,False,True,1.7915056550000372,B,
253,MAT 2019-2020,প্যারাসিমপ্যাথেটিক স্নায়ু নিচের কোন করোটিক স্নায়ুতে পাওয়া যায়?,C,C,False,True,2.892320621000181,C,
254,MAT 2019-2020,হাইড্রার কোন অংশে নিডোসাইট কোষ সবচেয়ে বেশি থাকে?,B,B,False,True,0.415337541000099,B,
255,MAT 2019-2020,নিচের কোনটিতে ঐচ্ছিক পেশি পাওয়া যায়?,C,C,False,True,1.138579585000116,C,
256,MAT 2019-2020,কোন রক্ত কণিকা অ্যান্টিবডি তৈরি করে?,C,,False,False,3.4270299620002334,,
257,MAT 2019-2020,আন্তঃকশেরুকা চাকতিতে কী ধরনের তরুণাস্থি পাওয়া যায়?,C,C,False,True,1.6833282930001587,C,
258,MAT 2019-2020,মাইটোসিসে কোষের ভিতয়ে নিউক্লিয়াসের বিভাজনকে কী বলে?,B,B,False,True,2.2150996239997767,B,
259,MAT 2019-2020,নিচের কোনটি রক্তনালির সংকোচন ঘটিয়ে রক্তপাত হ্রাস করে?,C,,False,False,2.488634013000137,,
260,DAT 2020-2021,নিচের কোন হরমোনটি রক্তে সোডিয়ামের মাত্রা নিয়ন্ত্রণ করে?,B,B,False,True,3.266149373999724,B,
261,DAT 2020-2021,নিচের কোনটি মিশ্র করোটিক স্নায়ু (Mixed cranial nerve) নয়?,D,,False,False,0.5550865780001004,,
262,DAT 2020-2021,কোন প্রক্রিয়ায় নিউক্লিয়াসের বিভাজন ঘটে?,D,D,False,True,3.156290549000005,D.,
263,DAT 2020-2021,নিচের কোনটি খাদ্য গিলে ফেলার সময় স্বরযন্ত্র (Larynx) এর ছিদ্র বন্ধ করে?,C,C,False,True,1.2434922109996478,C,
264,DAT 2020-2021,কোন ধমনি রুই মাছের বক্ষ পাখনাকে (pectoral fin) রক্ত সরবরাহ করে?,D,,False,False,3.5413787249999586,,
265,DAT 2020-2021,ঘাসফড়িং-এর স্পাইরাকল কে ঘিরে রাখে কোনটি?,A,A,False,True,0.4246410850000757,A,
266,DAT 2020-2021,মানুষের ক্ষেত্রে নিচের কোনটি এক্টোডার্ম (Ectoderm) থেকে গঠিত হয়?,B,B,False,True,1.2760924050003268,B,
267,DAT 2020-2021,নিচের কোন হরমোনটি ডিম্বাশয়ের কর্পাস লুটিয়াম থেকে নিঃসৃত হয়?,D,D,False,True,7.426040204999936,D,
268,DAT 2020-2021,নিচের কোন গ্রন্থির নালি দ্বিতীয় ঊর্ধ্ব মোলার দাঁতের মুখগহ্বরে উন্মুক্ত হয়?,D,B,False,False,0.4582660969999779,B,
269,DAT 2020-2021,কোষের কোন অঙ্গাণু অটোফ্যাগিতে জড়িত?,C,,False,False,1.422952124999938,,
270,DAT 2020-2021,কোনটি কিডনীর কাজ নয়?,D,,False,False,1.3896153470000172,,
271,DAT 2020-2021,মানুষের মুখমণ্ডলে কতগুলো অস্থি আছে?,C,,False,False,1.9996005190000687,,
272,DAT 2020-2021,রক্ত জমাট বাঁধতে নিচের কোন ধাতব আয়নটি অংশগ্রহণ করে?,D,,False,False,1.5963534759998765,,
273,DAT 2020-2021,ক্রোমাটোগ্রাফির (Chromatography) কয়টি পর্যায় (Phase) আছে?,A,,False,False,0.9777422540000771,,
274,DAT 2020-2021,নিচের কোনটি পিত্তরসের উপাদান নয়?,C,,False,False,0.9813217999999324,,
275,DAT 2020-2021,নিচের কোনটি পশ্চাৎ মস্তিষ্কের (Hindbrain) অংশ নয়?,B,,False,False,4.010225778000404,,
276,DAT 2020-2021,কোনটি চোখে প্রতিসারক মাধ্যম হিসাবে কাজ করে না?,C,,False,False,1.7239408350001213,,
277,DAT 2020-2021,নিচের কোন হরমোনটি পাকস্থলির HCI নিঃসরণ নিয়ন্ত্রণ করে?,A,A,False,True,0.7378203329999451,A,
278,DAT 2020-2021,নিচের কোন স্তন্যপায়ী প্রাণির (Mammals) দুগ্ধে ল্যাকটোজ সবচেয়ে বেশি থাকে?,A,,False,False,1.0034400049999022,,
279,DAT 2020-2021,নিচের কোনটি বহিঃক্ষরা (Exocrine) গ্রন্থি নয়?,C,C,False,True,2.3058939429997736,C,
280,DAT 2020-2021,নিচের কোনটি টক্সোয়েড ভ্যাকসিন?,C,C,False,True,1.9975482780000675,C,
281,DAT 2020-2021,কী ধরনের এপিথেলিয়াম বোম্যান'স ক্যাপসুল গঠন করে?,D,D,False,True,0.4040943619997961,D,
282,DAT 2019-2020,নিচের কোন কোষটি হাইড্রার এপিডার্মিস (Epidermis) এর অংশ নয়?,B,B,False,True,0.5071285849999185,B,
283,DAT 2019-2020,কোনটি খাদ্যমণ্ড (Food bolus) কে মানবদেহের নাসাছিদ্রের (Nasal aperture) পথে প্রবেশে বাধা দেয়?,B,,False,False,1.7963045400001647,,
284,DAT 2019-2020,নিচের কোনটি ঘাসফড়িং এর পশ্চাৎ-পোষ্টিকনালির অংশ?,C,B,False,False,2.579177178000009,B,
285,DAT 2019-2020,নিচের কোনটি অ্যান্টিজেন নয়?,D,D,False,True,3.3098369139997885,D,
286,DAT 2019-2020,কোন প্রযুক্তি ইনসুলিন তৈরিতে ব্যবহার করা হয়?,D,,False,False,0.5486574950000431,,
287,DAT 2019-2020,নিচের কোন হরমোনটি থাইরয়েড গ্রন্থি থেকে নিঃসৃত হয় না?,C,C,False,True,0.42378479200033325,C,
288,DAT 2019-2020,বৃক্কের গাঠনিক ও কার্ষিক একক কোনটি?,D,D,False,True,2.0649608399999124,D,
289,DAT 2019-2020,নিচের কোনটি মারসুপিয়াল স্তন্যপায়ী প্রাণী?,A,,False,False,1.3258904009999242,,
290,DAT 2019-2020,নিচের কোনটি ভাইরাসকে নিষ্ক্রিয় করতে পারে?,B,,False,False,1.2849881330002972,,
291,DAT 2019-2020,নিচের কোন গ্রন্থিটি ক্যালসিয়াম বিপাকে সহায়তা করে?,A,A,False,True,0.5563304809998044,A,
292,DAT 2019-2020,মাতৃদুগ্ধে কোন অ্যান্টিবডি (Antibody) পাওয়া যায়?,C,,False,False,12.074571727999682,,
293,DAT 2019-2020,নিচের কোন এনজাইমটি অগ্ন্যাশয় রসে বিদ্যমান?,D,,False,False,1.0454000889999406,,
294,DAT 2019-2020,নিচের কোনটি রক্ত জমাট বাঁধার মূল উপাদান নয়?,D,,False,False,2.8758049399998526,,
295,DAT 2019-2020,অন্ত্রের কোন স্তরে গবলেট কোষ (Goblet cell) থাকে?,C,C,False,True,2.6074409060001926,C) মিউকোসা,
296,AFMC 2015-2016,কোনটি সিক্রেটিন ক্ষরণ করে?,C,C,False,True,4.685858225999709,C,
297,AFMC 2015-2016,Arthropoda এর বর্গ নয় কোনটি?,D,D,False,True,0.724785460000021,D,
298,AFMC 2015-2016,কোথায় এনজাইম নেই?,C,C,False,True,1.5233019990000685,C,
299,AFMC 2015-2016,ক্ষুদ্র লসিক নালিকে কি বলে?,C,C,False,True,23.88253541999984,C,
300,AFMC 2015-2016,হার্ডেরিয়ান গ্রন্থির অবস্থান কোথায়?,A,,False,False,2.1080356339998616,,
301,AFMC 2015-2016,পিটুইটারি গ্রন্থি থেকে কোন হরমোন নিঃসৃত হয়?,C,C,False,True,4.31733584299991,C,
302,AFMC 2015-2016,শুক্রাণুর অ্যাক্রোসোম তৈরি করে কোনটি?,C,,False,False,0.5404381799999101,,
303,AFMC 2015-2016,কোনটি অতি বিপন্ন প্রাণী?,C,BC,False,False,1.434743932999936,"B,C",
304,AFMC 2015-2016,ট্রফোব্লাস্ট থেকে ভিলাই বের হতে থাকে—,C,B,False,False,0.6437400639997577,B,
305,AFMC 2015-2016,অ্যানিমাল পোলের ক্ষেত্রে কোনটি সঠিক?,D,D,False,True,1.0310725880003702,D,
307,AFMC 2015-2016,কোনটি বর্ণ সংবেদী?,C,C,False,True,0.32186064099960277,C,
308,AFMC 2015-2016,থিবেসিয়ান কপাটিকা কোথায় অবস্থিত?,A,A,False,True,0.5322922870000184,A,
309,AFMC 2015-2016,জীব-বৈচিত্র্য অঞ্চলকে কী বলা হয়?,A,A,False,True,0.8616213359996436,A,
310,AFMC 2015-2016,শীতকালে কোন প্রাণীটি ঘুমিয়ে কাটায়?,A,,False,False,1.2366316780003217,,
311,DAT 2018-2019,সিফিলিস রোগের জন্য দায়ী নিচের কোনটি?,A,A,False,True,1.517909974000304,A,
312,DAT 2018-2019,জিহ্বা থেকে স্বাদের অনুভূতি গ্রহণ করে কোন স্নায়ু?,B,,False,False,1.5826295540000501,,
313,DAT 2018-2019,নিচের কোনটি ক্যান্সার রোগের চিকিৎসায় ব্যবহৃত হয়?,C,C,False,True,1.7443940459997975,C,
314,DAT 2018-2019,নিচের কোন বৈশিষ্ট্য পলিজিন দ্বারা নিয়ন্ত্রিত হয় না?,B,D,False,False,0.9910959429998911,D,
315,DAT 2018-2019,নিচের কোনটি মিশ্র গ্রন্থির উদাহরণ নয়?,B,B,False,True,1.2419201860002431,B,
316,DAT 2018-2019,নিচের কোনটি সমগোত্রীয় পাখির উদাহরণ নয়?,A,BD,False,False,109.3457452900002,"B,D",
317,DAT 2018-2019,কোনটি সেরেব্রামের কাজ নয়?,D,D,False,True,1.9318307700000332,D,
318,DAT 2018-2019,চোখের লেন্স ও রেটিনার মধ্যে অবস্থান করে নিচের কোনটি?,A,,False,False,2.4354145140000583,,
319,DAT 2018-2019,মধ্যচ্ছদার উপস্থিতি বা Presence of diaphragm কোন পর্বের প্রাণির বৈশিষ্ট্য?,D,D,False,True,2.2546927019998293,D,
320,DAT 2018-2019,হাইড্রার এন্ডোডার্মিসের যেকোনো কোষ তৈরি করতে পারে কোনটি?,B,,False,False,1.52475063699967,,
321,DAT 2018-2019,বাংলাদেশে সন্ধানপ্রাপ্ত ঘাসফড়িংয়ের প্রজাতির সংখ্যা কত?,C,D,False,False,1.016822492999836,D,
322,DAT 2018-2019,রুই মাছের হৃৎপিণ্ডকে কী নামে অভিহিত করা হয়?,B,A,False,False,0.785017777000121,A,
323,DAT 2018-2019,একজন পূর্ণ বয়স্ক মানুষের নিচের চোয়ালে মোলার দাঁতের সংখ্যা কত?,D,D,False,True,3.5288992330001747,D,
324,DAT 2018-2019,মানুষের যকৃতের বাহিরের দিকে আবৃতকারী পর্দার নাম কী?,D,,False,False,2.4068528609996065,,
325,DAT 2018-2019,স্থুলতার সাথে নিচের কোন রোগটি সম্পর্ক যুক্ত নয়?,B,,False,False,1.8598493709996546,,
326,DAT 2018-2019,মানবদেহে শ্বেত রক্ত কণিকার পরিমাণ 4000/dL এর চেয়ে কমে গেলে সেই অবস্থাকে কী বলে?,A,,False,False,1.135948374000236,,
327,DAT 2018-2019,সাইনুসাইটিস রোগের প্রধান উপসর্গ কোনটি?,A,D,False,False,3.0961467719998836,D,
328,DAT 2018-2019,নিচের কোনটি মানুষের অক্ষীয় কঙ্কালতন্ত্রের অংশ?,C,C,False,True,1.3252281760001097,C,
329,DAT 2018-2019,নিচের কোন অঙ্গে স্থিতিস্থাপক তরুণাস্থি পাওয়া যায়?,A,A,False,True,0.7991611379998176,A,
330,DAT 2017-2018,মানুষের জিহ্বার সঞ্চালন নিয়ন্ত্রণ করে কোন করোটিক স্নায়ু?,B,,False,False,1.591876382999999,,
331,DAT 2017-2018,নিচের কোনটি মেনিনজেসের অংশ নয়?,D,D,False,True,0.9164903440000671,D,
332,DAT 2017-2018,চোখের রেটিনার যে অংশ আলোকসংবেদী নয় তাকে বলে-,D,,False,False,1.856866097999955,,
333,DAT 2017-2018,নিচের কোন জোড়াটি লোকাল হরমোনের উদাহরণ?,D,C,False,False,6.264438633999816,C) সিক্রিটিন ও এন,
334,DAT 2017-2018,মানুষের যকৃতে অবস্থানকারী ম্যাক্রোফেজের নাম কী?,B,,False,False,1.6867641699996057,,
335,DAT 2017-2018,ভাইরাসের আক্রমণে শরীরের ভিতরে স্বতঃস্ফূর্তভাবে নিচের কোনটি তৈরি হয়?,B,B,False,True,6.013091312999677,B,
336,DAT 2017-2018,মানুষের সংখ্যা কোন রক্তগ্রুপে সবচেয়ে বেশি?,D,D,False,True,2.318345016999956,D,
337,DAT 2017-2018,হাইড্রার দেহের ক্ষুদ্রতম নেমাটোসিস্ট কোনটি?,A,D,False,False,1.5421853640000336,D,
338,DAT 2017-2018,প্রাপ্তবয়স্ক মানুষের নিচের চোয়ালে দন্তকুঠুরীর সংখ্যা কত?,C,C,False,True,1.0214474829999745,C,
339,DAT 2017-2018,মোলার দাঁতের কাজ কোনটি?,B,C,False,False,0.6335886989995743,C,
340,DAT 2017-2018,আমিষ পরিপাককারী এনজাইম কোনটি?,C,C,False,True,2.7346562679999806,C,
341,DAT 2017-2018,মানুষের যকৃতে অবস্থানকারী ম্যাক্রোফেজের নাম কী?,B,,False,False,1.8761936050000259,,
342,DAT 2017-2018,নিচের কোন জোড়াটি লোকাল হরমোনের উদাহরণ?,C,,False,False,1.2044270629999119,,
343,DAT 2017-2018,মানব পিত্তরস সম্বন্ধে নিচের কোন তথ্যটি সঠিক?,D,D,False,True,1.9543411469999228,D,
344,DAT 2017-2018,নিচের কোন জোড়াটি লোকাল হরমোনের উদাহরণ?,C,C,False,True,0.7249485920001462,C,
345,DAT 2017-2018,"মানব পিত্তরস সম্বন্ধে নিচের কোন তথ্যটি সঠিক, ইহা-",D,D,False,True,2.097849289000351,D,
346,DAT 2017-2018,স্বাভাবিক ওজনের মানুষের বডি মাস ইনডেক্স (BMI) কত?,B,B,False,True,2.3482183109999824,B,
347,DAT 2017-2018,অদানাদার বা অ্যাগ্রানুলোসাইট কোনটি?,B,B,False,True,16.210687189000055,B,
348,DAT 2017-2018,মানুষের রক্ত জমাট বাঁধার মূল উপাদান নয় কোনটি?,B,B,False,True,9.303083564999724,B,
349,DAT 2017-2018,পেসমেকারের অবস্থান হৃৎপিণ্ডের কোথায়?,C,,False,False,1.5665309440000783,,
350,DAT 2017-2018,একজন সুস্থ পূর্ণবয়স্ক মানুষ বিশ্রামরত অবস্থায় মিনিটে কতবার শ্বসনক্রিয়া সম্পাদন করে?,B,,False,False,1.2806392409997898,,
351,DAT 2017-2018,মানব রেচনতন্ত্রের অংশ নয় কোনটি?,C,C,False,True,0.7092649279998113,C,
352,DAT 2017-2018,ইন্টারক্যালেটেড ডিস্ক কোন ধরনের পেশির বৈশিষ্ট্য?,B,B,False,True,1.6971637159999773,B,
353,DAT 2016-2017,পাকস্থলিতে কোন করোটিক স্নায়ুর কার্যক্রম বিদ্যমান?,C,,False,False,1.134666278000168,,
354,DAT 2016-2017,সেরেব্রামের দুটি খণ্ডকে সংযোগকারী স্নায়ু গুচ্ছের নাম-,C,,False,False,1.1786238949998733,,
355,DAT 2016-2017,রক্তে Na⁺ ও K⁺ এর সমতা রক্ষা করে কোন হরমোন?,D,D,False,True,2.6319371090003187,D) অ্যালডোস্টেরন,
356,DAT 2016-2017,মানবদেহে সর্ববৃহৎ অঙ্গ কোনটি?,B,,False,False,1.6238750329998766,,
357,DAT 2016-2017,নিষ্ক্রিয় ভ্যাক্সিন কোনটি?,A,,False,False,1.8638222829999904,,
358,DAT 2016-2017,AB ব্লাড গ্রুপের দাতা কোন গ্রুপকে রক্ত দিতে পারবে?,C,C,False,True,0.9256175010000334,C,
359,DAT 2016-2017,কত সেলসিয়াস তাপমাত্রার নিচে রুই মাছ বাঁচতে পারে না?,C,C,False,True,3.1933029100000567,C,
360,DAT 2016-2017,প্রোটিন পরিপাককারী এনজাইম নয় কোনটি?,D,,False,False,11.940514996000275,,
361,DAT 2016-2017,Kupffer's Cell থাকে কোথায়?,C,C,False,True,0.7405506040004184,C,
362,DAT 2016-2017,একটি হৃৎপিণ্ডে প্রতি মিনিটে ৮০ বার হৃদকম্পন হলে হৃদচক্রের স্থায়িত্ব কত?,B,B,False,True,0.7561846789999436,B,
363,DAT 2016-2017,কোনটি হৃদপিণ্ডকে বিভিন্ন প্রকোষ্ঠে বিভক্ত করে?,C,D,False,False,0.6560046039999179,D,
364,DAT 2016-2017,করোনারি ধমনি সরু হয়ে যাওয়া নির্ণয়ে ব্যবহৃত হয় কোন পরীক্ষা?,B,B,False,True,0.5165584629999103,B,
365,DAT 2016-2017,বিশ্বব্যাপী রক্তশূন্যতার প্রধানতম কারণ কী?,B,,False,False,3.0852215209997667,,
366,DAT 2016-2017,Adam's Apple কোথায় থাকে?,A,,False,False,0.687516733999928,,
367,DAT 2016-2017,বৃক্কের কাজ নয় কোনটি?,C,,False,False,1.1891968530003396,,
368,DAT 2016-2017,স্বাভাবিক মূত্রের রং খড়ের রং হওয়ার কারণ কী?,B,,False,False,1.7177524290000292,,
369,DAT 2016-2017,মানুষের কপাল কোন অস্থি দিয়ে তৈরি হয়?,B,B,False,True,2.399644823000017,B,
370,DAT 2016-2017,সিসাময়েড অস্থি কোনটি?,B,B,False,True,5.50379502099986,B,
371,DAT 2014-2015,সাদা লেগহর্ণ ও সাদা ওয়াইনডট এর মধ্যে ক্রস ঘটিয়ে ফলাফল পান-,A,,False,False,3.3795745079996777,,
372,MAT 2018-2019,কোনটি মানুষের পশ্চাৎ মস্তিষ্কের অংশ নয়?,D,,False,False,1.9163885110001502,,
373,MAT 2018-2019,চোখের রেটিনার ভিতর সবচেয়ে আলোক সংবেদী অংশের নাম কী?,C,C,False,True,3.3966841400001613,C,
374,MAT 2018-2019,মানবদেহের সবচেয়ে ছোট অনাল গ্রন্থি কোনটি?,C,,False,False,0.5058654710001065,,
375,MAT 2018-2019,নিচের কোন হরমোন রক্তে সোডিয়ামের মাত্রা নিয়ন্ত্রণ করে?,C,,False,False,1.7523604429998159,,
376,MAT 2018-2019,নিচের কোনটি সহজাত প্রতিরক্ষার উদাহরণ নয়?,D,,False,False,1.475859605000096,,
377,MAT 2018-2019,ব্যাঙের শীতনিদ্রা' কোন ধরনের ট্যাক্সিসের উদাহরণ?,A,,False,False,1.3769010490000255,,
378,MAT 2018-2019,মুখবিবরে 'র ্যাডুলা' নামক অংশ থাকে কোন পর্বের প্রাণীতে?,B,B,False,True,0.47481355199988684,B,
379,MAT 2018-2019,হাইড্রার বহিঃত্বকে সমগ্র স্থান জুড়ে অবস্থান করে কোনটি?,D,D,False,True,3.0185312470002827,D,
380,MAT 2018-2019,ঘাসফড়িংয়ের পুঞ্জাক্ষির কোন অংশটি আলো গ্রহণ করে?,B,,False,False,0.39055487199993877,,
381,MAT 2018-2019,রুই মাছের আঁইশ কোন ধরনের?,D,D,False,True,2.361123796999891,D) সাইক্লয়েড,
382,MAT 2018-2019,হেপারিন তৈরি ও নিঃসরণ করা কোন কোষের কাজ?,B,B,False,True,1.9875059519999922,B,
383,MAT 2018-2019,হৃৎপিণ্ডের কোন কপাটিকায় তিনটি কাম্প থাকে না?,B,B,False,True,0.6518351859999711,B,
384,MAT 2018-2019,কোন জাতীয় ব্যারোরিসেপ্টর রক্তের আয়তন নিয়ন্ত্রণে ভূমিকা রাখে?,C,CD,False,False,1.5445344409999961,"C,D",
385,MAT 2018-2019,নিচের কোনটি মানবদেহের শ্বসনতন্ত্রের বায়ু পরিবহন অঞ্চল নয়?,D,D,False,True,1.2143967289998727,D,
386,MAT 2018-2019,সারফেকট্যান্ট কোথায় পাওয়া যায়?,C,C,False,True,9.373473715999808,C,
387,MAT 2018-2019,রক্তে CO₂ পরিবহনের মাধ্যম নয় কোনটি?,C,,False,False,1.2588927189999595,,
388,MAT 2018-2019,কোনটি মানুষের মুখমণ্ডলীয় অস্থি নয়?,C,,False,False,11.269345644000168,,
389,MAT 2018-2019,করোটিক স্নায়ুর কাজ সম্পর্কিত নিচের কোন তথ্যটি সঠিক নয়?,D,D,False,True,2.5704275840002992,D,
390,MAT 2017-2018,চোখের স্কেরার রঙ কী?,B,,False,False,1.6586196349999227,,
391,MAT 2017-2018,মানবদেহের ভারসাম্য নিচের কোনটি রক্ষা করে?,B,B,False,True,2.6216506689997914,B,
392,MAT 2017-2018,মানবদেহে ক্যালসিয়াম ও ফসফরাসের বিপাক নিয়ন্ত্রণ করে কোন গ্রন্থি?,C,C,False,True,10.724918094999794,C,
393,MAT 2017-2018,মানব দেহে নিষেক প্রক্রিয়া কোথায় সংঘটিত হয়?,B,B,False,True,4.999088466999638,B,
394,MAT 2017-2018,প্রথম টেস্টটিউব বেবির নাম কী?,A,A,False,True,1.0433864799997536,A,
395,MAT 2017-2018,নিচের কোনটি মানুষের প্রাথমিক প্রতিরোধ ব্যবস্থা নয়?,C,,False,False,1.6159757000000354,,
396,MAT 2017-2018,নিচের কোনটি সেক্স-লিংকড ডিসঅর্ডার নয়?,B,,False,False,1.451263846999609,,
397,MAT 2017-2018,মারসুপিয়াল স্তন্যপায়ী প্রাণী কোন মহাদেশে পাওয়া যায়?,C,,False,False,1.3143726819998847,,
398,MAT 2017-2018,নিচের কোনটি দ্বিঅরীয় প্রতিসাম্য প্রাণীর উদাহরণ?,C,C,False,True,0.7818729660002646,C,
399,MAT 2017-2018,হাইড্রার খাদ্য নয় কোনটি?,D,D,False,True,2.0109833340002297,D,
400,MAT 2017-2018,ঘাসফড়িংয়ের রক্ত সংবহনতন্ত্রের অংশ নয় কোনটি?,B,B,False,True,32.852696064000156,B,
401,MAT 2017-2018,স্ত্রী রুইমাছ ডিম পাড়ে কখন?,C,,False,False,1.0997490970003128,,
402,MAT 2017-2018,নিচের কোন হরমোনটি পাকস্থলীর হাইড্রোক্লোরিক অ্যাসিড নিঃসরণ নিয়ন্ত্রণ করে?,D,D,False,True,1.39832206400024,D,
403,MAT 2017-2018,নিচের কোনটি তৈরির প্রক্রিয়াকে এরিথ্রোপোয়েসিস বলে?,A,A,False,True,2.476825328999894,A,
404,MAT 2017-2018,হৃদ-ফুসফুস যন্ত্র (Heart-Lung Machine) কোন কাজে ব্যবহৃত হয়?,B,B,False,True,0.6884926689999702,B,
405,MAT 2017-2018,হেনলির লুপের অবস্থান বৃক্কের কোথায়?,A,A,False,True,3.213705002000097,A,
406,MAT 2017-2018,মানবদেহের করোটিকাতে কতগুলো অস্থি আছে?,A,C,False,False,0.328270079000049,C,
407,MAT 2017-2018,পূর্ণ সংবেদী স্নায়ু নয় কোনটি?,B,B,False,True,1.4635213480000857,B,
408,MAT 2016-2017,প্রাপ্তবয়স্ক মানুষের মস্তিষ্কে নিউরনের সংখ্যা কত?,C,C,False,True,3.194278704000226,C,
409,MAT 2016-2017,নিচের কোনটি মিশ্র গ্রন্থি নয়?,D,D,False,True,0.45337169399999766,D,
410,MAT 2016-2017,বুকের দুধে কোন ধরনের ইমিউনোগ্লোবিন (Ig) থাকে?,A,,False,False,1.0828247240001474,,
411,MAT 2016-2017,"কনে হিমোফিলিয়া বাহক, বর সুস্থ, এদের সন্তানদের ক্ষেত্রে কোনটি মিথ্যা?",B,B,False,True,3.883793875000265,B,
412,MAT 2016-2017,ফিলোসফিকা জুওলজিক' গ্রন্থের রচয়িতা কে?,B,B,False,True,2.1908654270000625,B,
413,MAT 2016-2017,জুরাসিক সময়কাল বলা হয় কত আগের সময়কে?,B,A,False,False,61.96968655699993,A,
414,MAT 2016-2017,দ্রুত চলাচলের জন্য Hydra কোন চলন পদ্ধতি ব্যবহার করে?,A,B,False,False,2.494865706999917,B,
415,MAT 2016-2017,কোনটি ঘাসফড়িং এর মস্তকের বহিঃকঙ্কালের অংশ নয়?,C,,False,False,2.320454602999689,,
416,MAT 2016-2017,রুই মাছের আঁইশের বৃদ্ধি কোন সময়ে বেশি হয়?,D,A,False,False,4.3473246169996855,A,
417,MAT 2016-2017,মানুষের যকৃতের সবচেয়ে বড় খণ্ডাংশটি হলো-,B,,False,False,1.0407590010004242,,
418,MAT 2016-2017,কোনটি ক্ষুদ্রান্ত্রের অংশ নয়?,C,,False,False,1.4785395560002144,,
419,MAT 2016-2017,নিচের কোন BMI (Body Mass Index) অতিরিক্ত ওজন নির্দেশ করে?,B,B,False,True,0.6265526809997937,B,
420,MAT 2016-2017,একজন ৬ বছরের বালিকার দাঁতের সংকেত (ICPM) কোনটি?,BCD,B,True,False,0.9009531329998026,B,
421,MAT 2016-2017,কোনটি ক্ষুদ্রান্ত্রের অংশ নয়?,C,C,False,True,1.6719353479998063,C,
422,MAT 2016-2017,নিচের কোন BMI (Body Mass Index) অতিরিক্ত ওজন নির্দেশ করে?,B,,False,False,1.5361313309999787,,
423,MAT 2016-2017,নিউক্লিয়াসবিহীন কোষ হলো-,A,,False,False,1.2101599210000131,,
424,MAT 2016-2017,মানুষের স্বাভাবিক রক্ত ক্ষরণকাল-,C,,False,False,0.8356980080002359,,
425,MAT 2016-2017,একই সাথে শরীরে রক্তে অক্সিজেনের ঘনত্ব ও হৃৎস্পন্দনের পরিমাপক যন্ত্রের নাম কি?,C,C,False,True,0.42784931599999254,C,
426,MAT 2016-2017,হৃদযন্ত্রের রোগ নির্ণয়ে প্রাথমিক পরীক্ষা কোনটি?,C,,False,False,0.4981085700001131,,
427,MAT 2016-2017,কৃত্রিম পেসমেকার যন্ত্রে কোন ব্যাটারি ব্যবহার করা হয়?,D,D,False,True,0.4180086860001211,D,
428,MAT 2016-2017,শ্বসন কেন্দ্র অবস্থিত কোথায়?,A,,False,False,0.880145604000063,,
429,MAT 2016-2017,কোনটি প্যারানাসাল সাইনাস নয়?,D,,False,False,1.6366379790001702,,
430,MAT 2016-2017,মানুষের কব্জিতে হাড়ের সংখ্যা কত?,B,B,False,True,0.4209388700001,B,
431,MAT 2015-2016,নিচের কোনটি মিনারেলোকোর্টিকয়েড হরমোনের কাজ নয়?,C,,False,False,3.3485950750000484,,
432,MAT 2015-2016,কোনটি মিশ্র গ্রন্থি?,B,B,False,True,1.4020435679999537,B,
433,MAT 2015-2016,সিমেন তৈরির জন্য পিচ্ছিল পদার্থ ক্ষরণ করে কোন অঙ্গ?,A,A,False,True,4.230367964999914,A,
434,MAT 2015-2016,ব্যাকটেরিয়া ধ্বংসে অ্যান্টিবডিকে সহায়তা করে কোনটি?,A,A,False,True,0.5565356469996914,A,
435,MAT 2015-2016,হোমোলোগাস ক্রোমোজোমের একটি লোকাসে দুটি জিন একত্রে থাকাকে কী বলে?,B,B,False,True,9.561163084999862,B,
436,MAT 2015-2016,জেলিফিশ কোন পর্বের প্রাণী?,A,A,False,True,0.36164182899983643,A,
437,MAT 2015-2016,কোন প্রাণী অযৌন ও যৌন দুভাবেই প্রজনন সম্পন্ন করে?,B,,False,False,0.5369801229999212,,
438,MAT 2015-2016,ঘাসফড়িং এর অগ্রভাগের সরু ও শক্ত ডানাদ্বয়কে কী বলে?,D,D,False,True,1.6069674519999353,D,
439,MAT 2015-2016,কোন ভিটামিন পানিতে দ্রবণীয়?,C,,False,False,0.5200203180002063,,
440,MAT 2015-2016,পেপসিনের ক্ষেত্রে কোনটি সত্য নয়?,A,AC,False,False,6.5616260530000545,"A,C",
441,MAT 2015-2016,কোনটি অদানাদার শ্বেত কণিকা?,B,B,False,True,2.970574275999752,B,
442,MAT 2015-2016,স্বাভাবিক অবস্থায় মানবদেহের রক্তের pH এর মান-,B,B,False,True,0.4167378140000437,B,
443,MAT 2015-2016,নিচের কোনটি পালমোনারি সংবহনের অংশ নয়?,D,D,False,True,1.4823987309996483,D,
444,MAT 2015-2016,কোন চক্রের মাধ্যমে যকৃতে ইউরিয়া তৈরি হয়?,C,C,False,True,0.6427582229998734,C,
445,MAT 2015-2016,নিচের কোনটি বক্ষ অস্থিচক্রের হাড়?,B,,False,False,1.1414034019999235,,
446,MAT 2015-2016,মানুষের নবম জোড়া করোটিক স্নায়ুর নাম কী?,D,,False,False,1.0972422889999507,,
447,MAT 2014-2015,মস্তিষ্কের কোন অংশে ক্ষুধা নিয়ন্ত্রণ কেন্দ্র অবস্থিত?,C,C,False,True,0.8082698909997816,C,
448,MAT 2014-2015,ডায়েনসেফালনের মধ্যস্থ গহবরটিকে কী বলে?,D,D,False,True,2.6499640880001607,D,
449,MAT 2014-2015,পিউপিলের অবস্থান কোথায়?,C,B,False,False,0.49628501300003336,B,
450,MAT 2014-2015,মেলানিন রঞ্জকে রঞ্জিত স্তর কোনটি?,B,B,False,True,35.01487198399991,B,
451,MAT 2014-2015,অগ্ন্যাশয়ের আলফা কোষ থেকে নিঃসৃত হয়—,D,D,False,True,0.2974463659998037,D,
452,MAT 2014-2015,কোন গ্রন্থির ক্ষরণকাল আজীবন নয়?,C,C,False,True,0.3157655740001246,C,
453,MAT 2014-2015,নিচের কোনটি ভ্রূণীয় এক্টোডার্ম স্তর থেকে তৈরি হয়?,C,,False,False,1.2707968490003623,,
454,MAT 2014-2015,মানুষের দেহকোষে কতটি অটোজোম থাকে?,B,B,False,True,3.8289334549999694,B,
455,MAT 2014-2015,নিচের কোনটির দ্বারা গনোরিয়া রোগ হয়?,C,,False,False,2.4943090120000306,,
456,MAT 2014-2015,ভ্রান্ত সিলোমযুক্ত প্রাণীর পর্ব কোনটি?,B,A,False,False,0.8558747019997099,A,
457,MAT 2014-2015,হাইড্রার মুকুল কী কাজে ব্যবহৃত হয়?,A,,False,False,1.712554758999886,,
458,MAT 2014-2015,রক্তস্রোতে থাকা অতিরিক্ত গ্লুকোজ থেকে যকৃতে সঞ্চিত পলিস্যাকারাইড হলো-,D,,False,False,1.89048510099974,,
459,MAT 2014-2015,মাইক্রোভিলাইগুলো একত্রিতভাবে ক্ষুদ্রান্ত্রের উপরিভাগে কী সৃষ্টি করে?,A,A,False,True,0.7972186550000515,A,
460,MAT 2014-2015,স্থূলতার সহিত সম্পর্কযুক্ত রোগ কোনটি?,C,,False,False,2.0117109059997347,,
461,MAT 2014-2015,ফুসফুসের গঠন ও কার্যগত একক-,C,,False,False,0.6207711370002471,,
462,MAT 2014-2015,স্বাভাবিক মূত্রের বর্ণ হালকা হলুদ হয় কিসের উপস্থিতিতে?,B,B,False,True,2.1842113590000736,B,
463,MAT 2014-2015,নিচের কোনটি ক্লাভিকলের বৈশিষ্ট্য?,A,A,False,True,0.733037215999957,A,
464,MAT 2014-2015,চলনের সময় হাঁটুকে ভাঁজ করে কোন মাংসপেশী?,C,C,False,True,1.9678948429996126,C,
465,MAT 2014-2015,মেরুদন্ডের এটলাস ও এক্সিসের মধ্যবর্তী অস্থিসন্ধি কোনটি?,C,C,False,True,1.4537677110001823,C,
466,MAT 2014-2015,মোটর প্রকৃতির স্নায়ু কোনটি?,A,A,False,True,0.9171194179998565,A,
467,AFMC 2020-2021,সন্তান প্রসবে কোন হরমোন সাহায্য করে?,A,,False,False,1.3079345639998792,,
468,AFMC 2020-2021,মায়ের দুধে কি ধরনের প্রতিরক্ষা থাকে?,B,B,False,True,2.2333466449999833,B,
469,AFMC 2020-2021,অ্যান্টিবডি ক্ষরণ করে কোন কোষ?,C,C,False,True,0.5516501669999343,C,
470,AFMC 2020-2021,সর্বপ্রথম ভ্যাক্সিন কত সালে আবিষ্কৃত হয়?,A,A,False,True,0.6231813849999526,A,
471,AFMC 2020-2021,কোনটি সেক্স লিংকড ডিসঅর্ডার নয়?,A,A,False,True,0.6208444419999068,A,
472,AFMC 2020-2021,কোয়াগুলেশন ফ্যাক্টর কোনটির অভাবে হিমোফিলিয়া হয়?,C,C,False,True,0.9128583340002479,C,
473,AFMC 2020-2021,সপ্তম করোটিক স্নায়ু কোনটি?,C,,False,False,1.66164736599967,,
474,AFMC 2020-2021,মানুষের রেসপিরেটরি সেন্টার কোনটিতে থাকে?,B,B,False,True,0.8643092610000167,B,
475,AFMC 2020-2021,গলগন্ড রোগ হয় কোনটির অভাবে?,C,C,False,True,2.1634493390001808,CC,
476,AFMC 2020-2021,ট্রপিক হরমোন কোনটি?,C,C,False,True,0.7529133689999981,C,
477,AFMC 2020-2021,এপিডিডাইমিস এর দৈর্ঘ্য কত?,A,A,False,True,0.8946176139997988,A,
478,AFMC 2020-2021,জাতীয় পাখির বৈজ্ঞানিক নাম কী?,C,C,False,True,0.4463214219999827,C,
479,AFMC 2020-2021,হাইড্রা কোন পর্বের প্রাণী?,A,A,False,True,8.37802106700019,A,
480,AFMC 2020-2021,ঘাসফড়িং এর পুঞ্জাক্ষিতে কতটি ওমাটিডিয়াম রয়েছে?,A,,False,False,1.7649960799999462,,
481,AFMC 2020-2021,নিষ্ক্রিয় ট্রিপসিনোজেন কে সক্রিয় ট্রিপসিনে পরিণত করে কে?,C,C,False,True,1.2619694479999453,C,
482,AFMC 2020-2021,"চিকিৎসাবিদ্যার কোন শাখায় স্থূলতার কারণ, প্রতিরোধ ও চিকিৎসা সম্বন্ধে আলোচনা করা হয়?",C,,False,False,1.3648151639999924,,
483,AFMC 2020-2021,কোন প্রাণীর লোহিত কণিকায় নিউক্লিয়াস থাকে?,C,C,False,True,14.239171983000233,C,
484,AFMC 2020-2021,বাম অলিন্দ ও বাম নিলয়ের ছিদ্রপথে কোন কপাটিকা থাকে?,B,,False,False,1.3228628990000288,,
485,AFMC 2020-2021,মানবদেহের স্বাভাবিক ডায়াস্টলিক চাপ কত?,A,,False,False,0.9009375879995787,,
486,AFMC 2020-2021,শ্বসনতন্ত্রের উৎপত্তি কোথা থেকে হয়?,A,,False,False,1.003091855999628,,
487,AFMC 2020-2021,কোনটি Larynx এর Cartilage নয়?,B,B,False,True,8.32979252899986,B,
488,AFMC 2020-2021,কোষের অন্তঃশ্বসন কোথায় হয়?,C,,False,False,1.170866161000049,,
489,AFMC 2020-2021,করোটিকার অস্থি কয়টি?,C,,False,False,0.8301093749996653,,
490,MAT 2002-2003,শোষিত খাদ্যবস্তুর প্রোটোপ্লাজমে রূপান্তরকে বলে-,C,,False,False,0.8276532429999861,,
491,[DAT: 90-91,স্নেহজাতীয় পদার্থকে ফ্যাটি অ্যাসিড ও গ্লিসারলে পরিণত করে কোন এনজাইম?,B,,False,False,1.3556164299998272,,
492,MAT 2012-2013,রক্তের pH নির্ভর করে যার উপর-,B,B,False,True,0.28941774599934433,B,
493,MAT 2011-2012,নিম্নের কোন অঙ্গে লোহিত কণিকা ধ্বংস হয়?,AB,,True,False,3.1334519160000127,,
494,MAT 2009-2010,নিম্নের কোনটি শরীরের অণুপ্রবেশিত জীবাণু ধ্বংস করার প্রক্রিয়া?,D,D,False,True,0.7476774429997022,D,
495,MAT 2008-2009,নিম্নের কোনটি রক্ত জমাট বাঁধার মূল উপাদান নয়?,C,C,False,True,1.2850996669994856,C,
497,MAT 1997-1998,নিউক্লিয়াস বিশিষ্ট লোহিত কণিকা কোন প্রাণীতে থাকে?,C,C,False,True,0.70745958399948,C,
498,MAT 1993-1994,কণিকাবিহীন রক্তের জলীয় অংশকে বলে-,B,B,False,True,0.529178722999859,B,
499,MAT 1988-1989,মানবদেহে রোগ প্রতিরোধক হিসাবে কাজ করে কোনটি?,B,B,False,True,0.5087703179997334,B,
500,DAT 2009-2010,নিম্নের কোন কোষটি হেপারিন নিঃসরণ করে?,B,B,False,True,0.5822577779999847,B,
501,DAT 2007-2008,নিম্নের উল্লেখিত কয়টি ফ্যাক্টর রক্ত জমাট বাধার প্রক্রিয়ায় অংশগ্রহণ করে?,D,,False,False,2.712663844000417,,
502,DAT 1989-1990,লোহিত রক্তকণিকার উৎপত্তিস্থল নয়-,B,B,False,True,1.3380484640001669,B,
503,DAT 1990-1991,লাল অস্থিমজ্জায় তৈরি হয়-,D,D,False,True,2.379649688000427,D,
504,MAT 2013-2014,হৃদপিন্ডের ডান অলিন্দ ও ডান নিলয়ের সংযোগ স্থলের কপাটিকার নাম-,B,,False,False,1.3075948860005155,,
505,MAT 2013-2014,মাইট্রাল কপাটিকা নিম্নে উল্লেখিত কোথায় অবস্থিত?,B,B,False,True,0.616636641999321,B,
506,MAT 2009-2010,নিম্নের কোন শ্বেতকণিকার নিউক্লিয়াসটি দুই লোব বিশিষ্ট?,B,,False,False,1.1963581050003995,,
507,MAT 2009-2010,নিলয়ের ডায়াস্টলের সময় নিম্নের কত সেকেন্ড?,C,B,False,False,0.9308175959995424,B,
508,MAT 2009-2010,নিম্নের কোনটি সঠিক নয়?,C,,False,False,0.4968961399999898,,
509,MAT 2008-2009,নিম্নের কোন তথ্যটি সঠিক নয়?,A,A,False,True,2.820346131000406,A,
510,MAT 2008-2009,সিস্টোলিক এবং ডায়াস্টলিক প্রেসারের পার্থক্যকে বলা হয়-,A,,False,False,1.9489309300006425,,
511,DAT 2009-2010,নিম্নের কোনটি হৃৎপিন্ডের সংবহন তন্ত্রের অংশ নহে?,B,,False,False,1.433025624000038,,
512,DAT 2008-2009,নিম্ন প্রদত্ত কোন ধমনিটির উৎপত্তি এ্যাওর্টার বাঁক থেকে হয় না?,D,,False,False,1.051747874999819,,
513,DAT 2009-2010,নিম্নের কোনটি হৃদপিণ্ডকে বিভিন্ন প্রকোষ্ঠে বিভক্ত করে?,B,D,False,False,0.9105152219999582,D,
514,MAT 2008-2009,সিলিয়াক ধমনী নিম্নের কোন অঙ্গে রক্ত সরবরাহ করে না?,B,B,False,True,1.4655856849994962,B,
515,MAT 2005-2006,শিরার জন্য কোন তথ্যটি সঠিক নয়?,D,D,False,True,1.3792051439995703,D,
516,DAT 2008-2009,মানব শিরাতন্ত্রে নিম্নের কোনটি অনুপস্থিত?,A,C,False,False,0.6520689119997769,C,
517,DAT 2002-2003,ধমনীর ক্ষেত্রে নীচের কোনটির প্রযোজ্য?,D,D,False,True,0.9155210970002372,D,
518,MAT 2012-2013,নিম্নের কোন তথ্যটি লসিকাতন্ত্র সম্পর্কে সত্য নয়?,B,C,False,False,17.352651676000278,C,
519,MAT 2005-2006,লসিকা সম্বন্ধে কোনটি সঠিক নয়?,D,D,False,True,2.293925365999712,D,
520,MAT 2003-2004,লসিকার আপেক্ষিক গুরুত্ব কত?,D,B,False,False,0.9519485169994368,B,
521,MAT 2008-2009,শ্বসনতন্ত্র সম্পর্কে নিচের কোন তথ্যটি সঠিক নয়?,B,B,False,True,1.5072346869992543,B,
522,MAT 2006-2007,স্বরতন্ত্রীর অবস্থান হচ্ছে-,D,D,False,True,0.7157913109995206,D,
523,MAT 2006-2007,ব্রঙ্কিয়াল নালীগুলোর কোনটি সঠিক পর্যায়ক্রম?,B,,False,False,0.6126759930002663,,
524,MAT 2006-2007,নিচের কোন উক্তিটি সত্য নয়?,C,CD,False,False,8.423307420999663,"C,D",
525,MAT 2006-2007,ফুসফুসের ক্ষেত্রে নিম্নের কোনটি সঠিক?,A,A,False,True,11.270003667999845,A,
526,MAT 1997-1998,সিলিয়াযুক্ত এপিথেলিয়াম কোথায় পাওয়া যায়?,B,B,False,True,6.878495285000099,B,
527,MAT 2009-2010,নিম্নের কোন তথ্যটি সঠিক নয়?,D,D,False,True,0.5502696860003198,D,
528,MAT 1991-1992,ব্রঙ্কিওল শেষ হয়-,D,D,False,True,1.5112681079999675,D,
529,MAT 2006-2007,কোনটি মানব দেহের শ্বসনের জন্য সঠিক নয়?,A,,False,False,4.2438488570005575,,
530,MAT 2002-2003,পূর্ণ বয়স্ক সুস্থ মানুষের বিশ্রামকালে প্রতিমিনিটে শ্বসনের হার?,C,,False,False,1.1630051510001067,,
531,MAT 2002-2003,আজকাল অধিক হারে শ্বাস-কষ্ট রোগের জন্য কোনটি দায়ী?,B,C,False,False,10.614164163000169,C,
532,MAT 2002-2003,ফুসফুসের ক্যান্সারের জন্য দায়ী-,A,A,False,True,0.8347461419998581,A,
533,MAT 2009-2010,নিম্নের কোনটি বৃক্কের কাজ নয়?,B,,False,False,1.835393508999914,,
534,MAT 2006-2007,মানুষের রেচনতন্ত্রের সাহায্যে দেহের প্রায় কত শতাংশ রেচিত হয়?,B,C,False,False,3.8064406559997224,C) ৯০,
535,MAT 2006-2007,কোনটি মানবদেহের রেচন/রেচনতন্ত্র এর জন্য সঠিক নয়?,D,,False,False,0.835493366999799,,
536,MAT 2004-2005,বৃক্কের কাজ নয় কোনটি?,C,,False,False,0.9852119950000997,,
537,DAT 2009-2010,নিম্নের কোনটি বৃক্ক সম্পর্কে সঠিক নয়?,A,B,False,False,2.2711094280002726,B,
538,DAT 2004-2005,রেচনতন্ত্রের নিচের কোনটি ইউরেটার নামক নালি গঠন করে?,B,B,False,True,1.780038016000617,B,
539,MAT 2013-2014,লুপ অফ হেন্সি শরীরের নিম্নলিখিত কোন অঙ্গের অংশ?,B,B,False,True,1.5202513819995147,B,
540,MAT 2012-2013,নিম্নের কোন তথ্যটি নেফ্রনের জন্য প্রযোজ্য হবে?,D,A,False,False,18.352492123000047,"A
A",
541,MAT 2003-2004,প্রতিটি বৃক্কে নেফ্রন থাকে-,C,C,False,True,0.35418639999988955,C,
542,MAT 2002-2003,কোন অংশটি রেনাল টিউব্যুল এর অংশ নয়?,D,D,False,True,0.7232562580002195,D,
543,MAT 1995-1996,নেফ্রন কোনটির একক-,A,A,False,True,2.248391666000316,A,
544,MAT 1992-1993,গ্লোমেরুলাসের কাজ হল-,B,,False,False,1.5392338999999993,,
545,MAT 1989-1990,বৃক্কে বিদ্যমান-,A,A,False,True,0.7431541120004113,A,
546,DAT 2010-2011,প্রক্সিমাল প্যাঁচানো নালিকায় নিম্নের কোনটির সক্রিয় ক্ষরণ হয়?,B,D,False,False,0.675262044000192,D,
547,MAT 2012-2013,মূত্রের উপাদান নয় কোনটি?,C,C,False,True,2.4057645160000902,C,
548,MAT 2010-2011,মানুষের গ্লোমেরুলাসে পরিদ্রুত মূত্র ADH এর প্রভাব ছাড়া নিম্নের (%) কতভাগ পুনঃশোষণ প্রক্রিয়ায় নেফ্রনের প্রক্সিমাল প্যাঁচানো নালিকায় শোষিত হয়?,C,,False,False,2.2227847859994654,,
549,MAT 2005-2006,কোন ধাপটি মূত্র সৃষ্টির জন্য প্রয়োজন নয়?,B,C,False,False,0.3685751109997,C,
550,MAT 2003-2004,কোন রঞ্জক পদার্থের জন্য মূত্র তার স্বাভাবিক খড় রং প্রাপ্ত হয়?,C,C,False,True,1.5536727549997522,C,
551,MAT 2008-2009,মূত্র তৈরি হয় কোথায়?,C,C,False,True,1.5929965799996353,C,
552,MAT 2013-2014,স্ফেনয়েড অস্থি কঙ্কালের কোন অংশে থাকে?,A,,False,False,0.51943120299984,,
553,MAT 2006-2007,কোনটি মানবদেহের টার্সাল অস্থির অন্তর্ভূক্ত নয়?,C,C,False,True,0.8558610389991372,C,
554,MAT 2007-2008,নিম্নলিখিত কয়টি অস্থি নিয়ে মানব করোটি গঠিত?,D,,False,False,3.8874838310002815,,
555,MAT 2006-2007,মানুষের গ্রীবাদেশীয় কশেরুকার নিম্নের কোনটির নাম অ্যাক্সিস?,B,B,False,True,0.46281722100047773,B,
556,MAT 2004-2005,নিম্নের কোনটি মানুষের মুখমন্ডলীর অস্থি?,C,,False,False,1.3175886980006908,,
557,MAT 2002-2003,করোটিকার অস্থি নয় কোনটি?,C,C,False,True,0.5775833580000835,C,
558,MAT 1989-1990,গ্লেনয়েড গহ্বর কোথায় থাকে?,A,B,False,False,1.265949429000102,B,
559,MAT 1990-1991,হিউমেরাস কোন অস্থিটিকে বলা হয়?,C,,False,False,1.0807515169999533,,
560,MAT 1989-1990,ফিমার কোন অস্থিটিকে বলা হয়?,C,C,False,True,2.446222303000468,C,
561,DAT 2000-2001,উপরের চোয়াল যে ধরনের অস্থি?,D,,False,False,0.4695916640002906,,
562,DAT 1996-1997,কোনটি মানবদেহের করোটির অস্থি?,B,B,False,True,0.5807973809996838,B,
563,DAT 1987-1988,মুখমণ্ডলীয় অস্থির সংখ্যা নিচের কোনটি?,C,C,False,True,3.2599323939994065,C,
564,MAT 2011-2012,নিম্নের কোনটিতে তরুণাস্থি নাই?,D,D,False,True,1.4262217670002428,D,
565,MAT 2010-2011,গোড়ালার পেশা নিম্নের কোনটি?,B,,False,False,1.5985031489999528,,
566,MAT 2009-2010,নিম্নের কোন তথ্যটি সঠিক?,B,B,False,True,1.889071395999963,B,
567,MAT 2009-2010,নিম্নে উল্লেখিত কোন অঙ্গে স্থিতিস্থাপক তরুণাস্থি থাকে?,A,,False,False,2.488035714000034,,
568,MAT 2007-2008,সিমফাইসিস নিম্নের কোন অস্থি সন্ধি?,C,C,False,True,3.7062803160006297,C,
569,MAT 2006-2007,ম্যাট্রিক্সের গঠনের উপর ভিত্তি করে যেটি তরুণাস্থির প্রকারভেদে পড়বে না-,B,,False,False,1.2695348609995563,,
570,MAT 2004-2005,মানবদেহের সাইনোভিয়াল অস্থিসন্ধি নয় কোনটি?,D,,False,False,1.548666513000171,,
571,MAT 2009-2010,চলনের সময় পায়ের কোন পেশি সংকোচন এর ফলে গোড়ালির অস্থিটিতে চাপ পড়ে ফলে গোড়ালি মাটি থেকে উত্থিত হয়?,B,B,False,True,1.789127557000029,B,
572,MAT 2009-2010,নিম্নের কোন অস্থিতে মজ্জা গহ্বর নাই?,D,ABC,False,False,18.486789639000563,"A,B,C
",
573,MAT 2004-2005,দাঁত ও চোয়াল কোটরের মধ্যস্থিত সন্ধি নিম্নের কোনটি?,A,,False,False,0.9843197039999723,,
574,MAT 2008-2009,ঐচ্ছিক পেশী পাওয়া যায়-,D,D,False,True,0.8195441879997816,D,
575,MAT 2008-2009,নিম্নের কোনটিতে ঐচ্ছিক পেশী থাকে না?,C,C,False,True,0.7578461529992637,C,
576,MAT 2007-2008,নিম্নের কোন তথ্যটি সঠিক নয়?,D,D,False,True,0.729415075000361,D,
577,MAT 2003-2004,নিম্নের কোনটি হৃদপেশীর বৈশিষ্ট্য নয়?,B,B,False,True,2.10364245799974,B,
578,DAT 2008-2009,নিম্নের কোন তথ্যটি সঠিক?,B,B,False,True,3.8949322870003016,B,
579,DAT 2001-2002,হিউমেরাসের বাইসিপেটাল গ্রুভে যে পেশিটির প্রান্তীয় অবস্থান রয়েছে-,A,D,False,False,7.511309728000015,D,
580,MAT 2012-2013,যেটি স্নায়ুতন্ত্রের সঙ্গে সম্পর্কিত নয়-,C,,False,False,1.7702051920005033,,
581,DAT 2010-2011,কোন এনজাইম স্নায়ু উদ্দীপনা পরিবহনে গুরুত্বপূর্ণ ভূমিকা পালন করে?,A,A,False,True,0.7079069600004004,A,
582,MAT 2011-2012,নিম্নের কোনটি দেহের ভারসাম্য রক্ষায় ভূমিকা রাখে না?,C,C,False,True,0.8072224770003231,C,
583,MAT 2007-2008,নিম্নের কোন করোটিক স্নায়ু চোয়ালের সঞ্চালনে সাহায্য করে?,A,A,False,True,6.0803237540003465,A,
584,MAT 2006-2007,নিম্নের কোন স্নায়ু ঘ্রাণের সঙ্গে জড়িত?,A,A,False,True,0.8748866330006422,A,
585,MAT 2006-2007,নিম্নের কোনটি সঠিক নয়?,A,,False,False,2.0471613380004783,,
586,MAT 2005-2006,নিম্নের কোনটি সঠিক নয়?,A,,False,False,1.824414006000552,,
587,MAT 2005-2006,কোন তথ্যটি ফেসিয়াল স্নায়ুর জন্য সঠিক নয়?,B,B,False,True,0.5595558810000512,B,
588,MAT 2005-2006,ফেসিয়াল স্নায়ুর কাজ কোনটি?,D,D,False,True,0.6670822689993656,D,
589,DAT 2009-2010,নিম্নের কোন তথ্যটি হাইপোগ্লোসাল স্নায়ুর জন্য সঠিক নয়?,C,C,False,True,0.6340413980005906,C,
590,DAT 2008-2009,নিম্নের কোনটি দশম করোটিক স্নায়ু?,D,,False,False,1.3025013520000357,,
591,MAT 2010-2011,মল-মূত্র ত্যাগ নিয়ন্ত্রণ করে মস্তিষ্কের নিম্নের কোন অংশ?,A,D,False,False,2.016413657999692,D,
592,MAT 2009-2010,মস্তিষ্ক সম্পর্কে নিম্নের কোন তথ্যটি সঠিক?,B,B,False,True,1.0909864040004322,B,
593,MAT 2007-2008,নিম্নের কোনটি সেরেব্রোস্পাইনাল ফ্লুইডের কাজ নয়?,D,,False,False,1.114933132999795,,
594,MAT 2007-2008,নিম্নের কোনটি অগ্রমস্তিস্কের অংশ নয়?,B,B,False,True,2.2098779130001276,B,
595,MAT 2006-2007,"আবেগ, উদ্বেগ প্রভৃতির প্রধান কেন্দ্র হিসেবে কাজ করে-",C,,False,False,0.6433149889999186,,
596,MAT 2004-2005,হাইপোথ্যালামাসের কাজ কোনটি?,A,A,False,True,2.2335684689996924,A,
597,MAT 2002-2003,নিম্নের কোনটি সেরেবেলামের কাজ নয়?,D,,False,False,0.6357142920005572,,
598,MAT 2007-2008,নিম্নের কোনটি চোখের কোরয়েড-এর অংশ নয়?,A,A,False,True,3.16899546500008,A,
599,MAT 2007-2008,নিম্নে উল্লেখিত চোখের কোন অংশে বস্তুর প্রতিবিম্ব সৃষ্ট হয়?,D,D,False,True,0.9847245760001897,D,
600,MAT 2006-2007,কোন উক্তিটি সত্য নয়?,B,B,False,True,1.2938484330006759,B,
601,MAT 2006-2007,কোনটি অক্ষিপেশী নয়?,C,B,False,False,0.6854446679999455,B,
602,DAT 2003-2004,নিম্নের কোনটি দৃষ্টির ত্রুটি নয়?,B,B,False,True,2.7618425500004378,B,
603,MAT 2001-2002,হার্ডেরিয়ান গ্রন্থির অবস্থান যেখানে-,B,B,False,True,3.488121837000108,B,
604,MAT 2000-2001,যেটি সত্য নয়-,A,,False,False,3.408375146999788,,
605,MAT 1991-1992,মানুষের চোখের ভিতরে আলোর পরিমাণ নিয়ন্ত্রণ করে-,D,D,False,True,2.619835616999808,D,
606,MAT 1990-1991,কোনটি সত্য?,A,,False,False,1.1159204290006528,,
607,MAT 1988-1989,রডোপসিন চোখের কোন অংশে পাওয়া যায়?,A,A,False,True,1.3925776269998096,A,
608,MAT 1988-1989,চোখের কনজাংক্টিভা সিক্ত রাখে-,A,A,False,True,0.6678438070002812,A,
609,DAT 2008-2009,নিম্নের কোনটি চোখের কোরয়েডের অংশ?,B,BD,False,False,1.95031242999994,"B,D",
610,MAT 2007-2008,নিম্নের কোনটি শরীরের ভারসাম্য রক্ষা করে?,C,C,False,True,10.455718875999992,C,
611,MAT 2005-2006,কোনটি মানুষের কানের ক্যুপুলার কাজ?,D,AD,False,False,2.0166122250002445,"A,D",
612,MAT 2000-2001,কর্ণাস্থি স্টেপিস অন্তঃকর্ণ ও মধ্যকর্ণের মধ্যবর্তী প্রাচীরে যে পর্দার সঙ্গে যুক্ত থাকে সেটি হল-,C,C,False,True,0.45284300399998756,C,
613,MAT 1992-1993,কোন অঙ্গটির অবস্থান সম্পর্কবোধ সৃষ্টি করে?,B,B,False,True,3.2104940079998414,B,
614,MAT 1990-1991,কর্ণপটহের ভিতরে ও বাইরে বায়ুর চাপের সমতা রক্ষা করে-,C,C,False,True,2.179982568000014,C,
615,MAT 1989-1990,অর্গান অব কর্টি কোথায় থাকে?,C,C,False,True,62.72763931700047,C,
616,MAT 1989-1990,শ্রবণ ছাড়াও কর্ণের অন্যতম কাজ-,C,,False,False,1.3074347889996716,,
617,MAT 1988-1989,কোন অস্থিটি মধ্যকর্ণে নেই?,C,C,False,True,0.9785504930005118,C,
618,DAT 2009-2010,নিম্নের কোনটি বহিঃকর্ণে থাকে?,C,C,False,True,10.819966103999832,C,
619,MAT 2011-2012,পিটুইটারী গ্রন্থি সম্পর্কে কোন তথ্যটি সঠিক নয়?,C,,False,False,1.7488918959998045,,
620,MAT 2010-2011,নিম্নের কোন হরমোন আয়নের সমতা রক্ষার কাজ করে?,A,A,False,True,4.164400939999723,A,
621,MAT 2009-2010,নিম্নের কোনটি হৃদপিন্ডের সংকোচনের শক্তিকে বাড়ায়?,C,C,False,True,0.5751669159999437,C,
622,MAT 2009-2010,পোস্টেরিয়র পিটুইটারী থেকে নিম্নের কোন হরমোন নিঃসরণ হয়?,B,B,False,True,2.058634910999899,B,
623,MAT 2008-2009,নিম্নের কোন হরমোন থাইরয়েড গ্রন্থি থেকে নিঃসৃত হয় না?,A,,False,False,1.1870051089999833,,
624,MAT 2008-2009,নিম্নে উল্লেখিত কোনটি থেকে টেস্টোস্টেরণ হরমোন নিঃসৃত হয়?,C,C,False,True,2.2607442170001377,C,
625,MAT 2004-2005,ইনসুলিন নিঃসৃত হয় কোনটি থেকে?,D,D,False,True,0.7637318289998802,D,
626,MAT 2004-2005,হরমোনের বৈশিষ্ট্য নয় কোনটি?,C,C,False,True,2.8175519860005807,C.,
627,MAT 1999-2000,যে গ্রন্থিটি ক্যালসিয়াম বিপাকে সাহায্য করে-,D,D,False,True,1.0741869379999116,D,
628,MAT 1997-1998,পিটুইটারী গ্রন্থির পশ্চাৎবর্তী অংশ হতে কোন হরমোনটি নিঃসৃত হয়?,C,,False,False,1.3835119340001256,,
629,MAT 1990-1991,নালিবিহীন গ্রন্থি কোনটি?,C,C,False,True,0.8552384180002264,C,
630,MAT 1990-1991,প্যারাথাইরয়েড গ্রন্থি থেকে নিঃসৃত হরমোন-,D,D,False,True,2.1470506850000675,D,
631,MAT 1988-1989,কোনটি অন্তঃক্ষরা গ্রন্থি নয়?,A,A,False,True,0.8743643329999031,A,
632,MAT 1988-1989,মানবদেহের সর্ববৃহৎ গ্রন্থি কোনটি?,C,C,False,True,1.0370050869996703,C,
633,MAT 2012-2013,নিম্নের কোনটি পুরুষ প্রজননতন্ত্রের অন্তর্ভূক্ত নয়?,C,C,False,True,5.345221310000852,C,
634,MAT 2010-2011,মানুষের শুক্রানু প্রতি সেকেন্ডে কত মিলিমিটার পথ অতিক্রম করতে পারে?,B,B,False,True,1.5165261239999381,B,
635,MAT 2009-2010,নিম্নের কোন তথ্যটি সঠিক নয়?,A,A,False,True,1.1839107709993186,A,
636,MAT 2003-2004,স্ক্রোটামের অভ্যন্তরীণ তাপমাত্রা দেহ গহ্বর থেকে কত কম বা বেশী?,D,D,False,True,0.7278254299999389,D,
637,MAT 2011-2012,কোনটি উওজেনেসিসে ঘটে না?,D,D,False,True,5.806818551000106,"D

D",
638,MAT 2009-2010,নিম্নের কোনটি সঠিক?,A,ACD,False,False,0.3016192260001844,"A,C,D",
639,MAT 2008-2009,নিম্নের কোন তথ্যটি সঠিক নয়?,C,,False,False,4.811430642000232,,
640,MAT 2004-2005,সাধারণত রজঃচক্র কতদিন স্থায়ী হয়?,D,D,False,True,0.36380886799997825,D,
641,MAT 2003-2004,যেটি গর্ভাবস্থায় অমরার কাজ নয়-,A,A,False,True,0.8825252609995005,A,
642,MAT 1990-1991,স্ত্রীলিঙ্গের কোন অংশে ভ্রূণ বর্ধিত হয়?,C,C,False,True,1.5748378689995661,C,
643,MAT 1990-1991,ডিম্বাণুতে কতটি ক্রোমোসোম থাকে?,D,,False,False,2.1783512840002004,,
644,DAT 2010-2011,মানুষের জরায়ু গর্ভাবস্থায় কত গুণ বৃদ্ধি পায়?,B,,False,False,2.468024573000548,,
645,DAT 2010-2011,ফিলোপিয়ান টিউব কোথায় থাকে?,C,,False,False,0.8307575099997848,,
646,DAT 2010-2011,জরায়ুর প্রাচীর কয়টি স্তরে বিভক্ত?,D,,False,False,2.3008434260000286,,
647,,ডিম্বাশয় কোন পেরিটোনিয়াম পর্দা দ্বারা আবৃত?,C,C,False,True,10.991964447999635,C,
648,DAT 2000-2001,নিচের কোনটি স্ত্রী প্রজননতন্ত্রের অংশ নয়?,C,C,False,True,0.9335850600000413,C,
649,DAT 1994-1995,ফেলোপিয়ান নালির যে অংশ জরায়ু প্রাচীরের কাছে থাকে-,A,A,False,True,2.843363934000081,A,
650,DAT 1994-1995,যোনি প্রাচীরের ভাঁজকে বলা হয়-,A,,False,False,5.049458968000181,,
651,DAT 1992-1993,নারীর বয়ঃপ্রাপ্তিতে কোন হরমোনের ভূমিকা নেই?,D,D,False,True,1.7940635630002362,D,
652,MAT 2008-2009,নিম্নলিখিত কোনটি মেসোডার্ম থেকে গঠিত হয় না?,A,A,False,True,1.1299032850001822,A,
653,MAT 2007-2008,নিম্নের কোনটি ভ্রূণের এক্টোডার্ম থেকে তৈরি?,D,,False,False,1.3509621609991882,,
654,MAT 2005-2006,কোনটি অ্যালানটয়েসের কাজ নয়?,A,A,False,True,1.2774649510001836,A,
655,MAT 2005-2006,উওজেনেসিসে মোট পোলারবডি তৈরী হয়-,C,C,False,True,4.703685100999792,C,
656,MAT 2005-2006,নিচের কোনটি গ্যামিটোজেনেসিসের জন্য সঠিক নয়?,B,B,False,True,1.6582112159994722,B,
657,MAT 2005-2006,কোনটি উওজেনেসিসের জন্য প্রযোজ্য নয়?,C,C,False,True,2.218599587999961,C,
658,MAT 2005-2006,ট্রফোব্লাস্ট থেকে ভিলাই বেরোতে থাকে-,C,,False,False,1.069570508999277,,
659,MAT 2005-2006,স্নায়ুতন্ত্র গঠিত হয়-,A,A,False,True,3.17605180999999,A,
660,MAT 2001-2002,কোনটি উওজেনেসিসের ক্ষেত্রে প্রযোজ্য নয়?,A,A,False,True,1.0157993529992382,A,
661,DAT 2004-2005,যকৃত ও অগ্ন্যাশয় সৃষ্টি হয় কোনটি থেকে?,A,A,False,True,0.7735334749995673,A,
662,DAT 2004-2005,কোনটি মেসোডার্ম থেকে তৈরি হয়?,A,,False,False,1.4090296780004792,,
663,DAT 2000- 2001,ব্লাস্টোসিস্ট মানুষের জরায়ুর কোন স্তরে গ্রথিত হয়?,C,C,False,True,2.740422927000509,C,
664,DAT 2000- 2001,মানুষের ডিম্বাণু কোন ধরনের?,D,D,False,True,0.5340246659998229,D,
665,DAT 1994-1995,আবরণী কলার কোষগুলো ভ্রূণের কোন স্তর হতে উৎপন্ন হয়?,A,,False,False,11.44182002100024,,
666,MAT 2004-2005,ইন্টারফেরনের কাজ নয় কোনটি?,C,C,False,True,1.7158800899997004,C,
667,DAT 2010-2011,নিচের কোন গ্রন্থি মোমের মতো আঠালো পদার্থ তৈরি করে?,B,ABD,False,False,1.276082729999871,"A,B,D",
668,DAT 2009-2010,নিচের কোনটি এককোষী গ্রন্থি?,A,A,False,True,4.672644607999246,A,
669,DAT 2007-2008,সিবাম নিচের কোন গ্রন্থি থেকে নিঃসৃত হয়?,B,,False,False,5.6284200959999,,
670,DAT 2008-2009,মৃত Salmonella typhi জীবাণু থেকে নিম্নের কোনটি তৈরি করা হয়?,B,B,False,True,6.55202949500017,B,
671,MAT 2003-2004,বংশগতি বিদ্যার জনক গ্রেগর জোহান মেন্ডেল কোন দেশে জন্ম গ্রহণ করেন?,A,A,False,True,0.5788369100000637,A,
672,MAT 2001-2002,প্রথম সংকর পুরুষের সাথে প্রচ্ছন্ন বা প্রকট বংশধরের ক্রস হলো-,B,B,False,True,1.1911815559997194,B,
673,DAT 2012-2013,যে জিন বৈশিষ্ট্য প্রকাশে বাধা পায় তাকে বলে-,A,A,False,True,0.6703518530002839,A,
674,DAT 2009-2010,বংশগতির ধারক নিম্নের কোনটি?,C,C,False,True,0.9389111079999566,C,
675,DAT 2006-2007,জীবের প্রকাশিত লক্ষণকে বলা হয়-,C,,False,False,1.8868152839995673,,
676,DAT 2005-2006,জিনতত্ত্বের জন্য কোনটি সঠিক নয়?,B,B,False,True,2.2483263289996103,B,
677,DAT 2003-2004,যে জীনটি অপর জীনের বৈশিষ্ট্য প্রকাশে বাধা দান করে সে জীনকে বলে-,A,A,False,True,0.7310506089997943,A,
678,MAT 2013-2014,লিথাল জিন-এর প্রভাব নেই কোন রোগে?,C,,False,False,1.675821937999899,,
679,DAT 2012-2013,লিথাল জীন বর্ণনা করেন সর্বপ্রথম কোন বিজ্ঞানী?,A,,False,False,1.401907002000371,,
680,MAT 2008-2009,নিচের কোনটি দ্বৈত-প্রচ্ছন্ন এপিস্ট্যাসিস অনুপাত?,B,B,False,True,2.9510646200005795,B,
681,MAT 2000-2001,বংশগতির পরীক্ষার জন্য মেন্ডেল কোন গাছ নির্বাচন করেছিলেন?,B,,False,False,1.3987314460000562,,
682,MAT 1995-1996,মেন্ডেলের সূত্রের প্রকৃত ব্যতিক্রম কোনটি?,B,ABCD,False,False,2.0163710090000677,"A,B,C,D",
683,MAT 1995-1996,মেন্ডেলের দ্বিতীয় সূত্রে জিনের স্বাধীন সঞ্চারণ না ঘটলে জিনোটাইপের অনুপাত হবে-,D,B,False,False,0.2788397520007493,B,
684,DAT 2003-2004,প্রকট এপিস্ট্যাসিস এ ব্যতিক্রমধর্মী অনুপাত হল-,C,C,False,True,2.3887272299998585,C,
685,MAT 2013-2014,নিচের কোনটি সেক্স-লিংকড অসুখ নয়?,C,B,False,False,0.7339610549997815,B,
686,MAT 2012-2013,"একজন বাদামি চোখবিশিষ্ট পুরুষ যার বাবার চোখ বাদামি কিন্তু মায়ের চোখ নীল বর্ণের, যদি নীল চোখবিশিষ্ট মহিলাকে বিয়ে করেন তবে তাঁদের সন্তানের চোখের বৈশিষ্ট্য কী হারে পাওয়া যাবে?",A,A,False,True,0.7086759819994768,A,
687,DAT 2004-2005,যকৃত ও অগ্ন্যাশয় সৃষ্টি হয় কোনটি থেকে?,A,A,False,True,2.3205536060004306,A,
688,MAT 2006-2007,পুরুষের ক্ষেত্রে কোনটি সঠিক?,A,,False,False,1.3344774679999318,,
689,MAT 1992-1993,মানব কোষে সেক্স ক্রোমোসোমের সংখ্যা কত?,D,D,False,True,1.0563708560002851,D,
690,DAT 2006-2007,বর্ণান্ধ পুরুষ ও স্বাভাবিক মহিলার মধ্যে বিয়ে হলে তাদের সন্তান হতে পারে-,B,B,False,True,0.624348395999732,B,
691,DAT 2003-2004,নিচের কোনটি সেক্স-লিংকড বৈশিষ্ট্যের উদাহরণ নয়?,B,ABD,False,False,5.165549079000812,"B

Note: Diabetes (বহুমূ",
692,MAT 2010-2011,Rh negative রক্তের গ্রুপ নিচের কোন জনগোষ্ঠীর মধ্যে সবচেয়ে বেশি পাওয়া যায়?,C,C,False,True,0.5666923560002033,C,
693,MAT 2008-2009,নিম্নের কোনটি ব্লাড গ্রুপের নির্দিষ্ট এন্টিজেন না?,D,D,False,True,1.0455947690006724,D,
694,MAT 2007-2008,নিচে উল্লিখিত কোন বিজ্ঞানী মানুষের রক্তের শ্রেণিবিন্যাস করেন?,C,,False,False,0.5247115069996653,,
695,DAT 2010-2011,উইসাং নালি কোথায় অবস্থিত?,C,C,False,True,0.6961485269994228,C,
696,DAT 2009-2010,নিম্নের কোনটি সঠিক নয়?,D,,False,False,0.9300295599996389,,
697,DAT 2009-2010,নিম্নের বামদিকের কোনটি ডানদিকের কোনটির সঙ্গে সামঞ্জস্যপূর্ণ?,C,CD,False,False,12.836919620000117,"C,D",
698,DAT 2004-2005,যকৃতের কাজ নয় কোনটি?,B,,False,False,1.5130085789996883,,
699,DAT 2001-2002,অগ্ন্যাশয় কেবল-,D,,False,False,0.9701684330002536,,
700,DAT 2000-2001,কোন অংশটি বৃহদান্ত্রের?,D,D,False,True,0.8582853249999971,D,
701,DAT 2000-2001,যকৃতনালি পিত্তনালির সাথে মিলিত হয়ে অভিন্ন পিত্তনালি তৈরি করে। এই অভিন্ন নালি ভ্যাটার এর অ্যাম্পুলা নামে নালির মাধ্যমে কোথায় উন্মুক্ত হয়?,C,C,False,True,1.4257333680006923,C,
702,MAT 1993-1994,সিক্রেটিন ও প্যানক্রিওজাইমিন কোনটির নিঃসরণ ঘটায়?,A,A,False,True,0.8634732880000229,A,
703,MAT 1991-1992,গ্যাস্ট্রিক রস কিসের প্রভাবে নিঃসৃত হয়?,C,,False,False,2.163114572000268,,
704,MAT 1989-1990,কোন রসে উৎসেচক থাকে না?,D,,False,False,1.5794733440006894,,
705,MAT 2011-2012,নিম্নের কোনটি অগ্ন্যাশয় থেকে নিঃসৃত হয় না?,C,,False,False,1.2017536020002808,,
706,MAT 2005-2006,কোনটি অগ্ন্যাশয় রসে থাকে না?,A,A,False,True,1.0035642789998747,A,
707,MAT 2004-2005,মানবদেহে পিত্ত উৎপন্ন হয়-,B,B,False,True,2.456000822000533,B,
708,MAT 1989-1990,নিম্নের কোনটি সঠিক নয়?,B,B,False,True,0.8130781310001112,B,
709,MAT 2003-2004,অগ্ন্যাশয়ের আইলেটস অব ল্যাঙ্গারহ্যান্স নিম্নের কোন হরমোন নিঃসৃত করে?,D,,False,False,0.6332017039994753,,
710,DAT 2010-2011,নিচের কোন বিক্রিয়াটি সঠিক?,D,,False,False,1.9637195830000564,,
711,DAT 2007-2008,পাকস্থলীর পাচক রসে নিম্নের কোনটি অনুপস্থিত?,B,B,False,True,1.3091846690003877,B,
712,DAT 2006-2007,মানবদেহের পরিপাকের জন্য কোনটি সঠিক এনজাইমের উদাহরণ নয়?,D,,False,False,1.6197214639996673,,
713,DAT 2004-2005,কোনটি পাকস্থলীর গ্রন্থি থেকে নিঃসৃত হয় না?,D,,False,False,2.654889846000515,,
714,DAT 1994-1995,আমিষ জাতীয় খাদ্য পরিপাকের উৎসেচক কোনটি?,B,,False,False,1.983666084000106,,
715,DAT 1991-1992,প্রোটিন পরিপাক-,A,A,False,True,0.6197762450001392,A,
716,MAT 2001-2002,আমিষ জাতীয় খাদ্য পরিপাকে সাহায্য করে-,B,B,False,True,1.00060928899984,B,
717,MAT 2001-2002,কোন উৎসেচকটি দুগ্ধ প্রোটিন পরিপাকে সাহায্য করে?,D,D,False,True,1.1205851129998337,D,
718,MAT 2001-2002,পাকস্থলীতে HCI তৈরি করে কোন কোষ?,A,A,False,True,0.6579615029995693,A,
719,MAT 1992-1993,মানবদেহের সর্ববৃহৎ গ্রন্থি কোনটি?,C,C,False,True,2.3516027759997087,C.,
720,MAT 2016-2017,কোনটি ক্ষুদ্রান্ত্রের অংশ নয়?,C,C,False,True,2.0190637209998386,C,
721,MAT 2016-2017,নিচের কোন BMI (Body Mass Index) অতিরিক্ত ওজন নির্দেশ করে?,B,,False,False,1.357475974999943,,
722,MAT 2016-2017,নিউক্লিয়াসবিহীন কোষ হলো-,A,A,False,True,0.8909766110000419,A,
723,MAT 2016-2017,মানুষের স্বাভাবিক রক্ত ক্ষরণকাল-,C,C,False,True,0.6836765460002425,C,
724,MAT 2016-2017,একই সাথে শরীরে রক্তে অক্সিজেনের ঘনত্ব ও হৃৎস্পন্দনের পরিমাপক যন্ত্রের নাম কি?,C,C,False,True,3.2514921380006854,C) পাল্সঅক্সিমিটার,
725,MAT 2016-2017,হৃদযন্ত্রের রোগ নির্ণয়ে প্রাথমিক পরীক্ষা কোনটি?,C,C,False,True,3.7884422619999896,C,
726,MAT 2016-2017,কৃত্রিম পেসমেকার যন্ত্রে কোন ব্যাটারি ব্যবহার করা হয়?,D,,False,False,1.4764100960001088,,
727,MAT 2016-2017,শ্বসন কেন্দ্র অবস্থিত কোথায়?,A,A,False,True,2.080152905000432,A,
728,MAT 2016-2017,কোনটি প্যারানাসাল সাইনাস নয়?,D,,False,False,1.3562735979994613,,
729,MAT 2016-2017,মানুষের কব্জিতে হাড়ের সংখ্যা কত?,B,B,False,True,0.73427508199984,B,
730,MAT 2015-2016,নিচের কোনটি মিনারেলোকোর্টিকয়েড হরমোনের কাজ নয়?,C,,False,False,0.985710757000561,,
731,MAT 2015-2016,কোনটি মিশ্র গ্রন্থি?,B,B,False,True,0.3069142149997788,B,
732,MAT 2015-2016,সিমেন তৈরির জন্য পিচ্ছিল পদার্থ ক্ষরণ করে কোন অঙ্গ?,A,A,False,True,0.3227999809996618,A,
733,MAT 2015-2016,ব্যাকটেরিয়া ধ্বংসে অ্যান্টিবডিকে সহায়তা করে কোনটি?,A,A,False,True,3.059257432000777,A,
734,MAT 2015-2016,হোমোলোগাস ক্রোমোজোমের একটি লোকাসে দুটি জিন একত্রে থাকাকে কী বলে?,B,B,False,True,1.3442580520004412,B,
735,MAT 2015-2016,জেলিফিশ কোন পর্বের প্রাণী?,A,A,False,True,0.5793353529998058,A,
736,MAT 2015-2016,কোন প্রাণী অযৌন ও যৌন দুভাবেই প্রজনন সম্পন্ন করে?,B,B,False,True,0.7343092639994211,B,
737,MAT 2015-2016,ঘাসফড়িং এর অগ্রভাগের সরু ও শক্ত ডানাদ্বয়কে কী বলে?,D,D,False,True,0.6780544160001227,D,
738,MAT 2015-2016,কোন ভিটামিন পানিতে দ্রবণীয়?,C,,False,False,0.983516117000363,,
739,MAT 2015-2016,পেপসিনের ক্ষেত্রে কোনটি সত্য নয়?,A,A,False,True,2.0071137140002975,A,
740,MAT 2015-2016,কোনটি অদানাদার শ্বেত কণিকা?,B,,False,False,0.9144060490007178,,
741,MAT 2015-2016,স্বাভাবিক অবস্থায় মানবদেহের রক্তের pH এর মান-,B,B,False,True,2.388133804000063,B,
742,MAT 2015-2016,নিচের কোনটি পালমোনারি সংবহনের অংশ নয়?,D,D,False,True,0.7922462619999351,D,
743,MAT 2015-2016,কোন চক্রের মাধ্যমে যকৃতে ইউরিয়া তৈরি হয়?,C,,False,False,3.3282043559993326,,
744,MAT 2015-2016,নিচের কোনটি বক্ষ অস্থিচক্রের হাড়?,B,,False,False,0.9108460249999553,,
745,MAT 2015-2016,মানুষের নবম জোড়া করোটিক স্নায়ুর নাম কী?,D,,False,False,1.7496191090003776,,
746,MAT 2014-2015,মস্তিষ্কের কোন অংশে ক্ষুধা নিয়ন্ত্রণ কেন্দ্র অবস্থিত?,C,,False,False,1.494312071999957,,
747,MAT 2014-2015,ডায়েনসেফালনের মধ্যস্থ গহবরটিকে কী বলে?,D,D,False,True,2.330050849000145,D,
748,MAT 2014-2015,পিউপিলের অবস্থান কোথায়?,C,,False,False,1.1808010730001115,,
749,MAT 2014-2015,মেলানিন রঞ্জকে রঞ্জিত স্তর কোনটি?,B,B,False,True,0.7916691729997183,B,
750,MAT 2014-2015,অগ্ন্যাশয়ের আলফা কোষ থেকে নিঃসৃত হয়—,D,D,False,True,0.8534749679993183,D,
751,MAT 2014-2015,কোন গ্রন্থির ক্ষরণকাল আজীবন নয়?,C,,False,False,4.596418595000614,,
752,MAT 2014-2015,নিচের কোনটি ভ্রূণীয় এক্টোডার্ম স্তর থেকে তৈরি হয়?,C,C,False,True,0.6116258070005642,C,
753,MAT 2014-2015,মানুষের দেহকোষে কতটি অটোজোম থাকে?,B,B,False,True,0.3654879579999033,B,
754,MAT 2014-2015,নিচের কোনটির দ্বারা গনোরিয়া রোগ হয়?,C,C,False,True,0.5368201789997329,C,
755,MAT 2014-2015,ভ্রান্ত সিলোমযুক্ত প্রাণীর পর্ব কোনটি?,B,A,False,False,11.536247672999707,A,
756,MAT 2014-2015,হাইড্রার মুকুল কী কাজে ব্যবহৃত হয়?,A,A,False,True,0.6758475059996272,A,
757,MAT 2014-2015,রক্তস্রোতে থাকা অতিরিক্ত গ্লুকোজ থেকে যকৃতে সঞ্চিত পলিস্যাকারাইড হলো-,D,D,False,True,0.5209258309996585,D,
758,MAT 2014-2015,মাইক্রোভিলাইগুলো একত্রিতভাবে ক্ষুদ্রান্ত্রের উপরিভাগে কী সৃষ্টি করে?,A,,False,False,0.9142883339991386,,
759,MAT 2014-2015,স্থূলতার সহিত সম্পর্কযুক্ত রোগ কোনটি?,C,C,False,True,2.5208346109993727,C,
760,MAT 2014-2015,ফুসফুসের গঠন ও কার্যগত একক-,C,C,False,True,0.8003173580000293,C,
761,MAT 2014-2015,স্বাভাবিক মূত্রের বর্ণ হালকা হলুদ হয় কিসের উপস্থিতিতে?,B,B,False,True,3.0771249010003885,B,
762,MAT 2014-2015,নিচের কোনটি ক্লাভিকলের বৈশিষ্ট্য?,A,A,False,True,0.2870291469998847,A,
763,MAT 2014-2015,চলনের সময় হাঁটুকে ভাঁজ করে কোন মাংসপেশী?,C,,False,False,2.168691179999769,,
764,MAT 2014-2015,মেরুদন্ডের এটলাস ও এক্সিসের মধ্যবর্তী অস্থিসন্ধি কোনটি?,C,C,False,True,2.7651253069998347,C,
765,MAT 2014-2015,মোটর প্রকৃতির স্নায়ু কোনটি?,A,,False,False,1.1959792199995718,,
766,AFMC 2020-2021,সন্তান প্রসবে কোন হরমোন সাহায্য করে?,A,,False,False,1.0626104989996747,,
767,AFMC 2020-2021,মায়ের দুধে কি ধরনের প্রতিরক্ষা থাকে?,B,,False,False,6.451224016000197,,
768,AFMC 2020-2021,অ্যান্টিবডি ক্ষরণ করে কোন কোষ?,C,C,False,True,1.4473982190002062,C,
769,AFMC 2020-2021,সর্বপ্রথম ভ্যাক্সিন কত সালে আবিষ্কৃত হয়?,A,,False,False,1.0357005569994726,,
770,AFMC 2020-2021,কোনটি সেক্স লিংকড ডিসঅর্ডার নয়?,A,A,False,True,0.9354314520005573,A,
771,AFMC 2020-2021,কোয়াগুলেশন ফ্যাক্টর কোনটির অভাবে হিমোফিলিয়া হয়?,C,C,False,True,1.1780106830001387,C,
772,AFMC 2020-2021,সপ্তম করোটিক স্নায়ু কোনটি?,C,,False,False,1.3077629050003452,,
773,MAT 2017-2018,মানবদেহে ক্যালসিয়াম ও ফসফরাসের বিপাক নিয়ন্ত্রণ করে কোন গ্রন্থি?,C,C,False,True,1.5418607240007987,C,
774,MAT 2017-2018,মানব দেহে নিষেক প্রক্রিয়া কোথায় সংঘটিত হয়?,B,B,False,True,0.5713822669995352,B,
775,MAT 2017-2018,প্রথম টেস্টটিউব বেবির নাম কী?,A,A,False,True,11.143911262000074,A,
776,MAT 2017-2018,নিচের কোনটি মানুষের প্রাথমিক প্রতিরোধ ব্যবস্থা নয়?,C,C,False,True,1.5622199460003685,C,
777,MAT 2017-2018,নিচের কোনটি সেক্স-লিংকড ডিসঅর্ডার নয়?,B,B,False,True,1.0845440469993264,B,
778,MAT 2017-2018,মারসুপিয়াল স্তন্যপায়ী প্রাণী কোন মহাদেশে পাওয়া যায়?,C,,False,False,1.4227614340006767,,
779,MAT 2017-2018,নিচের কোনটি দ্বিঅরীয় প্রতিসাম্য প্রাণীর উদাহরণ?,C,,False,False,1.5033644490004008,,
780,MAT 2017-2018,হাইড্রার খাদ্য নয় কোনটি?,D,D,False,True,0.8474285009997402,D,
781,MAT 2017-2018,ঘাসফড়িংয়ের রক্ত সংবহনতন্ত্রের অংশ নয় কোনটি?,B,,False,False,1.0731881619994965,,
782,MAT 2017-2018,স্ত্রী রুইমাছ ডিম পাড়ে কখন?,C,B,False,False,2.015406281000651,B,
783,MAT 2017-2018,নিচের কোন হরমোনটি পাকস্থলীর হাইড্রোক্লোরিক অ্যাসিড নিঃসরণ নিয়ন্ত্রণ করে?,D,,False,False,2.121182472000328,,
784,MAT 2017-2018,নিচের কোনটি তৈরির প্রক্রিয়াকে এরিথ্রোপোয়েসিস বলে?,A,A,False,True,1.9037310570001864,A,
785,MAT 2017-2018,হৃদ-ফুসফুস যন্ত্র (Heart-Lung Machine) কোন কাজে ব্যবহৃত হয়?,B,,False,False,0.7419843539992144,,
786,MAT 2017-2018,হেনলির লুপের অবস্থান বৃক্কের কোথায়?,A,A,False,True,1.133165487000042,A,
787,MAT 2017-2018,মানবদেহের করোটিকাতে কতগুলো অস্থি আছে?,A,,False,False,1.7026257199995598,,
788,MAT 2017-2018,পূর্ণ সংবেদী স্নায়ু নয় কোনটি?,B,,False,False,2.6576802279996627,,
789,MAT 2016-2017,প্রাপ্তবয়স্ক মানুষের মস্তিষ্কে নিউরনের সংখ্যা কত?,C,C,False,True,1.3882157030002418,C,
790,MAT 2016-2017,নিচের কোনটি মিশ্র গ্রন্থি নয়?,D,D,False,True,1.0737953739999284,D,
791,MAT 2016-2017,বুকের দুধে কোন ধরনের ইমিউনোগ্লোবিন (Ig) থাকে?,A,,False,False,1.2279905650002547,,
792,MAT 2016-2017,"কনে হিমোফিলিয়া বাহক, বর সুস্থ, এদের সন্তানদের ক্ষেত্রে কোনটি মিথ্যা?",B,,False,False,1.1362588369993318,,
793,MAT 2016-2017,ফিলোসফিকা জুওলজিক' গ্রন্থের রচয়িতা কে?,B,B,False,True,0.46697647199925996,B,
794,MAT 2016-2017,জুরাসিক সময়কাল বলা হয় কত আগের সময়কে?,B,,False,False,2.815381599999455,,
795,MAT 2024-2025,মস্তিষ্কের কোন অংশ মানুষের ক্ষুধা নিয়ন্ত্রণ করে?,C,C,False,True,0.44250529800046934,C,
796,MAT 2024-2025,ডেলটয়েড টিউবারসিটি কোন অস্থির অংশ?,D,,False,False,1.0486323329996594,,
797,MAT 2024-2025,ফুসফুসের আবরণকে কি বলে?,D,D,False,True,5.613557669000329,D,
798,MAT 2024-2025,নিচের কোনটি মানুষের দ্বিতীয় মস্তিষ্ক হিসাবে পরিচিত?,B,B,False,True,1.3048157079992961,B,
799,MAT 2024-2025,কানের কোন অংশ ভারসাম্য রক্ষায় কাজ করে?,B,,False,False,1.3976355630002217,,
800,MAT 2024-2025,নিচের কোন হরমোনটি মানুষের ডিম্বাশয় থেকে নিঃসৃত হয়??,C,C,False,True,2.587589379999372,C.,
801,MAT 2024-2025,কোন চক্রের মাধ্যমে যকৃতে ইউরিয়া তৈরী হয়?,B,,False,False,1.0748655489996963,,
802,MAT 2024-2025,কোন এন্টিবডি প্রধানত এলার্জির সাথে সংশ্লিষ্ট?,D,D,False,True,2.1646673220002413,D,
803,MAT 2024-2025,মানবদেহে সপ্তম করোটিক স্নায়ুর নাম কি?,B,B,False,True,2.2361261750002086,B) ফেসিয়াল স্নায়ু,
804,MAT 2024-2025,এনজিওপ্লাস্টি করলে কি হয়?,B,B,False,True,3.6766083849997813,B),
805,MAT 2024-2025,কোন কোষ হেপারিন তৈরী ও নিঃসরণ করে?,D,,False,False,1.9318694630001119,,
806,MAT 2024-2025,ডাক্টাস ক্যুভেইরি রুই মাছের কোন তন্ত্রের অংশ?,B,B,False,True,0.6021282289993906,B,
807,MAT 2024-2025,পেসমেকারের কাজ কি?,D,D,False,True,0.8906172639999568,D,
808,MAT 2024-2025,"পূর্ণবয়স্ক সুস্থ মানুষের দুই বৃক্কে প্রতি মিনিটে মোট রক্ত সঞ্চালনের
পরিমাণ-",D,D,False,True,2.8594735619999483,D) ১২০০ মিঃ ল,
809,MAT 2024-2025,কোনটির উপস্থিতিতে স্নেহ পদার্থের ইমালসিফিকেশন হয়?,A,,False,False,1.2452806999999666,,
810,MAT 2024-2025,নিচের কোনটি নাইট্রোজেনবিহীন পদার্থ?,A,A,False,True,2.6024238199997853,A,
811,MAT 2022-2023,মুখে খাওয়ার পোলিও ভ্যাকসিনটি কোন ধরনের ভ্যাকসিন?,B,B,False,True,2.4772280110000793,B,
812,MAT 2022-2023,নিচের কোনটি ম্যাক্রোফেজের কাজ নয়?,B,,False,False,1.7081912730000113,,
813,MAT 2022-2023,অন্তঃশ্বসন-,AB,,True,False,1.3208024899995507,,
814,MAT 2022-2023,Mollusca এর ক্ষেত্রে কোনটি সঠিক?,B,B,False,True,0.30097244499938824,B,
815,MAT 2022-2023,গ্লুকাগন-,D,,False,False,1.9405959770001573,,
816,MAT 2022-2023,মানবদেহে কোনটি লুপ্তপ্রায় অংগ?,B,,False,False,11.912418375000016,,
817,MAT 2022-2023,কোন উদ্দীপনা অ্যানিমোট্যাক্সিসকে প্রভাবিত করে?,A,,False,False,1.6572317030004342,,
818,MAT 2022-2023,মায়োফাইব্রিলে কি ধরনের আমিষ থাকে?,A,A,False,True,2.210410179000064,A),
819,MAT 2022-2023,অন্ত্রের প্রথম প্রতিরক্ষার স্তর কোনটি?,A,A,False,True,0.8352180359997874,A,
820,MAT 2022-2023,বুকের দুধের কোন উপাদানটি নবজাতকের প্রতিরক্ষায় কার্যকর?,B,B,False,True,1.8488724079998065,B,
821,DAT 2021-2022,নিচের কোন স্তন্যপায়ী প্রাণী ডিম পাড়ে?,C,,False,False,2.5233776759996545,,
823,DAT 2021-2022,নিচের চার প্রকোষ্ঠ বিশিষ্ট হৃদপিন্ড কোন প্রাণীতে দেখা যায়?,A,A,False,True,1.7690109599998323,A,
824,DAT 2021-2022,কোন hormone পাকস্থলির এসিড নিঃসরণ নিয়ন্ত্রণ করে?,D,D,False,True,1.045148779999181,D,
825,DAT 2021-2022,কোন কোষ বিভাজন পদ্ধতিতে RBC তৈরি হয়?,B,,False,False,1.5370541910006068,,
826,DAT 2021-2022,কোন hormone রক্তে Na+ এবং K+ এর সমতা রক্ষা করে?,C,C,False,True,2.1931157519993576,C,
827,DAT 2021-2022,স্বাভাবিক অবস্থায় হৃদপিন্ডের পেসমেকার কোনটি?,B,,False,False,0.6915297840005223,,
828,DAT 2021-2022,নিচের কোন রক্তকণিকাটি স্মৃতিকোষ?,D,D,False,True,1.6777338689998942,D,
829,DAT 2021-2022,যকৃতে অবস্থিত ম্যাক্রোফেজকে কি কোষ বলে?,B,B,False,True,0.6540639720005856,B,
830,DAT 2021-2022,পূর্ণবয়স্ক সুস্থ মানুষের দেহের ওজনের কত শতাংশ রক্ত থাকে?,A,A,False,True,1.3320291559994075,A,
831,MAT 2024-2025,নিচের কোনটিতে হাইড্রার বহিঃকোষীয় পরিপাক সংঘটিত হয়?,C,C,False,True,0.3774488509998264,C,
832,DAT 2021-2022,ব্লাড গ্রুপ AB তে প্লাজমায়-,A,A,False,True,0.495443054000134,A,
833,DAT 2021-2022,কোনটি প্লাজমা প্রোটিন নয়?,A,,False,False,0.7563220239999282,,
834,DAT 2021-2022,কোন রক্তকণিকা দেহে antibody তৈরি করে?,D,D,False,True,3.139081246999922,D,
835,DAT 2021-2022,কোনটি Live attenuated ভ্যাক্সিন?,A,A,False,True,0.7261875160002091,A,
836,DAT 2021-2022,আমাদের জাতীয় পাখির বৈজ্ঞানিক নাম কি?,B,B,False,True,0.6633006700003534,B,
837,MAT 2021-2022,মানবদেহের কোন অঙ্গে সবচেয়ে বেশি মাত্রায় রক্ত প্রবাহিত হয়?,C,,False,False,0.8984752240003218,,
838,MAT 2021-2022,ক্ষুদ্রান্ত্রের কোন স্তরে গবলেট কোষ থাকে?,B,B,False,True,0.8598119969992695,B,
839,MAT 2021-2022,ভ্রুণ অবস্থায় মাতৃগর্ভে কখন প্রথম হৃদস্পন্দন শুরু হয়?,C,,False,False,1.5287037269999928,,
840,MAT 2021-2022,মাতৃদুগ্ধে কোন ধরনের immunoglobulin থাকে?,D,D,False,True,0.8170819100005247,D,
841,MAT 2021-2022,মানুষের হৃদপিন্ডের কোন প্রকোষ্ঠের প্রাচীর সবচেয়ে পুরু?,D,D,False,True,10.844857067999328,D,
842,MAT 2021-2022,প্রজাপতি' এর প্রতিসাম্যতা কোন ধরনের?,C,C,False,True,0.7125037939995309,C,
843,MAT 2021-2022,ঘাসফড়িং এর কোন গ্রন্থি থেকে জুভেনাইল হরমোন ক্ষরিত হয়?,D,D,False,True,2.3764849819999654,D),
844,MAT 2021-2022,রক্তে অক্সিজেনের মাত্রা (O₂ saturation) ও হৃদস্পন্দন পরিমাপক যন্ত্রের নাম হল-,A,,False,False,1.3363737089994174,,
845,MAT 2021-2022,কেঁচো কোন অঙ্গের মাধ্যমে শ্বাসপ্রশ্বাস নেয়?,C,,False,False,1.4163450360001661,,
846,MAT 2021-2022,কোন এনজাইম লালা গ্রন্থিতে পাওয়া যায়?,D,,False,False,2.193703371999618,,
847,MAT 2021-2022,"কোন রক্ত কনিকা ""cell-mediated immunity” এর সাথে সম্পৃক্ত?",B,,False,False,1.3872127690001435,,
848,MAT 2021-2022,কোনটি autosomal recessive disorder?,A,A,False,True,1.6192034060004517,A,
849,MAT 2021-2022,কোন এনজাইম আমিষ পরিপাকে সাহায্য করে?,B,B,False,True,4.837208305000786,B,
850,MAT 2021-2022,কোন পদ্ধতিতে কোভিড ১৯ ভ্যাক্সিন প্রস্তুত করা হয় না?,D,D,False,True,2.16179264099992,D,
851,MAT 2020-2021,কোনটি ভাইরাস বৃদ্ধিতে বাঁধা দেয়?,A,A,False,True,0.5305667530001301,A,
852,MAT 2020-2021,Alveolus থেকে অক্সিজেন রক্তে কিভাবে প্রবেশ করে?,D,D,False,True,2.5029928130006738,D,
853,MAT 2020-2021,কোনটি Exocrine গ্রন্থি নয়?,A,A,False,True,1.0766888090001885,A,
854,MAT 2020-2021,কোনটি হাড়ের সাথে পেশি সংযুক্ত করে?,D,D,False,True,0.654038951000075,D,
855,MAT 2020-2021,মানবদেহের রক্তে কোন বাফার দ্রবণ (buffer solution) থাকে?,A,A,False,True,0.43974168000022473,A,
856,MAT 2020-2021,কোনটি আমিষ পরিপাককারী (digesting) এনজাইম?,B,B,False,True,1.9183127320002313,B,
857,MAT 2020-2021,নেমাটোসিস্টের (Nematocyst) ভিতরে বিষাক্ত তরল পদার্থের নাম কী?,A,A,False,True,0.6622898969999369,A,
858,MAT 2020-2021,ঘাসফড়িং এর রক্ত কণিকার নাম কী?,D,,False,False,0.35814716200002294,,
859,MAT 2020-2021,ক্ষুদ্রান্ত্রের কোন স্তরে পানপাত্র সেল (Goblet cell) পাওয়া যায়?,C,C,False,True,0.3226075180000407,C,
860,MAT 2020-2021,মাথার খুলিতে কয়টি হাড় রয়েছে?,C,C,False,True,0.6260327079999115,C,
861,MAT 2020-2021,কোনটি attenuated টিকা?,B,B,False,True,0.9495829609995781,B,
862,MAT 2020-2021,কোন কোষ ম্যাক্রোফেজে (macrophages) রূপান্তরিত হয়?,B,,False,False,4.961484417000065,,
863,MAT 2020-2021,কোন পদ্ধতিতে Hydra লম্বা দূরত্ব অতিক্রম করে?,B,B,False,True,0.5150834300002316,B,
864,MAT 2020-2021,কোষের কোথায় ক্রেবস চক্র (Krebs cycle) সংঘটিত হয়?,C,C,False,True,0.6122913949993745,C,
865,MAT 2020-2021,কোন এনজাইম অগ্ন্যাশয়ে নাই?,A,A,False,True,0.8623996329997681,A,
866,MAT 2020-2021,ভ্রূণে লোহিত কণিকাসমূহ নিম্নের কোথায় তৈরি হয়?,AC,C,True,False,1.0521940270000414,C,
867,MAT 2020-2021,প্রাণিজগতের বৃহত্তম Phylum কোনটি?,A,A,False,True,0.45404115300061676,A,
868,MAT 2020-2021,লিভারের কোন লোবটি পিত্তথলির সাথে সংযুক্ত থাকে?,A,B,False,False,1.0668932569997196,B,
869,MAT 2020-2021,মানুষের সোমাটিক কোষে কয়টি অটোসোম থাকে?,C,,False,False,1.667223321000165,,
870,MAT 2020-2021,গ্রোথ হরমোন কোথায় তৈরি হয়?,D,D,False,True,1.4547738970004502,D,
871,MAT 2020-2021,Golgi complex কোনটি সংশ্লেষ (synthesis) করে না?,B,B,False,True,0.4337849670000651,B,
872,AFMC 2019-2020,পেসমেকারে কোন ব্যাটারি ব্যবহৃত হয়?,A,A,False,True,0.5838200589996632,A,
873,AFMC 2019-2020,দ্বিপদ নামকরণের জনক কে?,A,,False,False,1.0781266950007193,,
874,AFMC 2019-2020,অন্তঃশ্বসন প্রধানত কোষের কোথায় সংঘটিত হয়?,B,,False,False,0.7211627819997375,,
875,AFMC 2019-2020,নিচের কোনটি হিমোসিলোমেট?,C,C,False,True,0.6416192939996108,C,
876,AFMC 2019-2020,কোনটির 6 টি কোডন আছে?,A,A,False,True,34.83196192200012,A,
877,AFMC 2019-2020,অত্যাবশ্যকীয় অ্যামিনো এসিড নয় কোনটি?,C,,False,False,1.1832769090005968,,
878,AFMC 2019-2020,ইনসুলিন কোথা থেকে নিঃসৃত হয়?,A,A,False,True,0.6458093639994331,A,
879,AFMC 2019-2020,মৎস্যখনি বলা হয়?,B,B,False,True,0.5515791819998412,B,
880,AFMC 2019-2020,অ্যাপেন্ডিক্স কোথায় থাকে?,B,B,False,True,0.8717918800002735,B,
881,AFMC 2019-2020,পিত্তথলি কোথায় উন্মুক্ত হয়?,C,,False,False,1.086334683000132,,
882,AFMC 2019-2020,কত BMI কে স্বাভাবিক ওজন হিসেবে ধরা হয়?,C,C,False,True,0.7072272460000022,C,
883,AFMC 2019-2020,লোহিত রক্তকণিকার সাথে সম্পৃক্ত নয় কোনটি?,C,,False,False,1.8237294410000686,,
884,AFMC 2019-2020,কোনটি O₂ যুক্ত রক্ত পরিবহন করে?,A,AC,False,False,0.9011024759993234,"A,C",
885,AFMC 2019-2020,কোনটি লালাগ্রন্থি নয়?,D,,False,False,1.1055411370007278,,
886,AFMC 2019-2020,স্বরযন্ত্রের তরুণাস্থি নয় কোনটি?,A,A,False,True,0.8544019179998941,A,
887,AFMC 2019-2020,শ্রোণী অস্থি নয় কোনটি?,D,,False,False,1.030458451999948,,
888,AFMC 2019-2020,দেহের ভারসাম্য রক্ষা করে কোনটি?,B,B,False,True,0.9169019910004863,B,
889,AFMC 2019-2020,বয়ঃসন্ধিকালে জরায়ু বৃদ্ধি নিয়ন্ত্রণে ভূমিকা নেই কার?,D,,False,False,1.8720177369996236,,
890,AFMC 2019-2020,গ্রন্থিরাজ বলা হয় কোনটিকে?,C,C,False,True,0.571327569999994,C,
891,AFMC 2019-2020,মানবদেহে কোন ইউমিউনোগ্লোবিউলিন অনুপস্থিত?,A,A,False,True,2.8097162679996472,A,
892,AFMC 2019-2020,সেক্স লিঙ্কড জিন নয় কোনটি?,B,B,False,True,7.73951098499947,B) ডাইবেটিস মেলাইট,
893,AFMC 2019-2020,রক্ত জমাট বাধার ফ্যাক্টর নয় কোনটি?,C,B,False,False,0.5824831560003076,B,
894,AFMC 2018-2019,নিচের কোন প্রাণীটি ত্রিস্তরী?,B,,False,False,1.5258648110002468,,
895,MAT 2024-2025,মস্তিষ্কের কোন অংশ মানুষের ক্ষুধা নিয়ন্ত্রণ করে?,C,C,False,True,0.646748387000116,C,
896,MAT 2024-2025,ডেলটয়েড টিউবারসিটি কোন অস্থির অংশ?,D,D,False,True,0.3785456060004435,D,
897,MAT 2024-2025,ফুসফুসের আবরণকে কি বলে?,D,D,False,True,0.7172562910000124,D,
898,MAT 2024-2025,নিচের কোনটি মানুষের দ্বিতীয় মস্তিষ্ক হিসাবে পরিচিত?,B,B,False,True,0.9624561239998002,B,
899,MAT 2024-2025,কানের কোন অংশ ভারসাম্য রক্ষায় কাজ করে?,B,B,False,True,1.699476273000073,B,
900,MAT 2024-2025,নিচের কোন হরমোনটি মানুষের ডিম্বাশয় থেকে নিঃসৃত হয়??,C,C,False,True,2.4374293509999916,C,
901,MAT 2024-2025,কোন চক্রের মাধ্যমে যকৃতে ইউরিয়া তৈরী হয়?,B,B,False,True,2.137024638999719,B,
902,MAT 2024-2025,কোন এন্টিবডি প্রধানত এলার্জির সাথে সংশ্লিষ্ট?,D,D,False,True,1.862531386000228,D,
903,MAT 2024-2025,মানবদেহে সপ্তম করোটিক স্নায়ুর নাম কি?,B,B,False,True,1.9460088220002945,B,
904,MAT 2024-2025,এনজিওপ্লাস্টি করলে কি হয়?,B,B,False,True,0.8912713539994002,B,
905,MAT 2024-2025,কোন কোষ হেপারিন তৈরী ও নিঃসরণ করে?,D,,False,False,1.7817265540006701,,
906,MAT 2024-2025,ডাক্টাস ক্যুভেইরি রুই মাছের কোন তন্ত্রের অংশ?,B,B,False,True,0.6212920090001717,B,
907,MAT 2024-2025,পেসমেকারের কাজ কি?,D,D,False,True,0.9040946009999971,D,
908,MAT 2024-2025,"পূর্ণবয়স্ক সুস্থ মানুষের দুই বৃক্কে প্রতি মিনিটে মোট রক্ত সঞ্চালনের
পরিমাণ-",D,D,False,True,0.3217136319999554,D,
909,MAT 2024-2025,কোনটির উপস্থিতিতে স্নেহ পদার্থের ইমালসিফিকেশন হয়?,A,A,False,True,0.34581591400001344,A,
910,MAT 2024-2025,নিচের কোনটি নাইট্রোজেনবিহীন পদার্থ?,A,,False,False,1.7592349000005925,,
911,MAT 2022-2023,মুখে খাওয়ার পোলিও ভ্যাকসিনটি কোন ধরনের ভ্যাকসিন?,B,B,False,True,0.5617803060004007,B,
912,MAT 2022-2023,নিচের কোনটি ম্যাক্রোফেজের কাজ নয়?,B,,False,False,1.609674408000501,,
913,MAT 2022-2023,অন্তঃশ্বসন-,AB,ABD,True,False,0.8868098140001166,"A,B,D",
914,MAT 2022-2023,Mollusca এর ক্ষেত্রে কোনটি সঠিক?,B,B,False,True,1.5552516269999614,B,
915,MAT 2022-2023,গ্লুকাগন-,D,,False,False,3.451572586000111,,
916,MAT 2022-2023,মানবদেহে কোনটি লুপ্তপ্রায় অংগ?,B,,False,False,1.104756150999492,,
917,MAT 2022-2023,কোন উদ্দীপনা অ্যানিমোট্যাক্সিসকে প্রভাবিত করে?,A,,False,False,1.5733726500002376,,
918,MAT 2022-2023,মায়োফাইব্রিলে কি ধরনের আমিষ থাকে?,A,A,False,True,0.5037661120004486,A,
919,MAT 2022-2023,অন্ত্রের প্রথম প্রতিরক্ষার স্তর কোনটি?,A,A,False,True,0.48526934399978927,A,
920,MAT 2022-2023,বুকের দুধের কোন উপাদানটি নবজাতকের প্রতিরক্ষায় কার্যকর?,B,,False,False,2.47723318700082,,
921,DAT 2021-2022,নিচের কোন স্তন্যপায়ী প্রাণী ডিম পাড়ে?,C,C,False,True,1.4130899640003918,C,
923,DAT 2021-2022,নিচের চার প্রকোষ্ঠ বিশিষ্ট হৃদপিন্ড কোন প্রাণীতে দেখা যায়?,A,A,False,True,1.4439449970004716,A,
924,DAT 2021-2022,কোন hormone পাকস্থলির এসিড নিঃসরণ নিয়ন্ত্রণ করে?,D,D,False,True,1.5743382330001623,D,
925,DAT 2021-2022,কোন কোষ বিভাজন পদ্ধতিতে RBC তৈরি হয়?,B,,False,False,1.7954577729997254,,
926,DAT 2021-2022,কোন hormone রক্তে Na+ এবং K+ এর সমতা রক্ষা করে?,C,C,False,True,0.41332874500039907,C,
927,DAT 2021-2022,স্বাভাবিক অবস্থায় হৃদপিন্ডের পেসমেকার কোনটি?,B,,False,False,0.7689134189995457,,
928,DAT 2021-2022,নিচের কোন রক্তকণিকাটি স্মৃতিকোষ?,D,D,False,True,2.2620507619994896,D,
929,DAT 2021-2022,যকৃতে অবস্থিত ম্যাক্রোফেজকে কি কোষ বলে?,B,B,False,True,1.2291172610002832,B,
930,DAT 2021-2022,পূর্ণবয়স্ক সুস্থ মানুষের দেহের ওজনের কত শতাংশ রক্ত থাকে?,A,A,False,True,1.2447099410001101,A,
931,MAT 2024-2025,নিচের কোনটিতে হাইড্রার বহিঃকোষীয় পরিপাক সংঘটিত হয়?,C,C,False,True,0.39807592000033765,C,
932,DAT 2021-2022,ব্লাড গ্রুপ AB তে প্লাজমায়-,A,,False,False,1.1273124950002966,,
933,DAT 2021-2022,কোনটি প্লাজমা প্রোটিন নয়?,A,A,False,True,0.8733190630000536,A,
934,DAT 2021-2022,কোন রক্তকণিকা দেহে antibody তৈরি করে?,D,D,False,True,0.608016494000367,D,
935,DAT 2021-2022,কোনটি Live attenuated ভ্যাক্সিন?,A,,False,False,2.5004273209997336,,
936,DAT 2021-2022,আমাদের জাতীয় পাখির বৈজ্ঞানিক নাম কি?,B,B,False,True,2.084004475999791,B,
937,MAT 2021-2022,মানবদেহের কোন অঙ্গে সবচেয়ে বেশি মাত্রায় রক্ত প্রবাহিত হয়?,C,,False,False,1.0814194779995887,,
938,MAT 2021-2022,ক্ষুদ্রান্ত্রের কোন স্তরে গবলেট কোষ থাকে?,B,B,False,True,0.41754909599967505,B,
939,MAT 2021-2022,ভ্রুণ অবস্থায় মাতৃগর্ভে কখন প্রথম হৃদস্পন্দন শুরু হয়?,C,,False,False,1.1276974060001521,,
940,MAT 2021-2022,মাতৃদুগ্ধে কোন ধরনের immunoglobulin থাকে?,D,D,False,True,1.7273459110001568,D,
941,MAT 2021-2022,মানুষের হৃদপিন্ডের কোন প্রকোষ্ঠের প্রাচীর সবচেয়ে পুরু?,D,D,False,True,0.6132502290001867,D,
942,MAT 2021-2022,প্রজাপতি' এর প্রতিসাম্যতা কোন ধরনের?,C,C,False,True,1.5055911709996508,C,
943,MAT 2021-2022,ঘাসফড়িং এর কোন গ্রন্থি থেকে জুভেনাইল হরমোন ক্ষরিত হয়?,D,D,False,True,3.129657423000026,D) কর্পোরা অ্যালাটা,
944,MAT 2021-2022,রক্তে অক্সিজেনের মাত্রা (O₂ saturation) ও হৃদস্পন্দন পরিমাপক যন্ত্রের নাম হল-,A,,False,False,2.108819908999976,,
945,MAT 2021-2022,কেঁচো কোন অঙ্গের মাধ্যমে শ্বাসপ্রশ্বাস নেয়?,C,,False,False,2.9632527130006565,,
946,MAT 2021-2022,কোন এনজাইম লালা গ্রন্থিতে পাওয়া যায়?,D,BD,False,False,0.5037665429999834,"B,D",
947,MAT 2021-2022,"কোন রক্ত কনিকা ""cell-mediated immunity” এর সাথে সম্পৃক্ত?",B,B,False,True,0.6768096559999321,B,
948,MAT 2021-2022,কোনটি autosomal recessive disorder?,A,,False,False,1.684373842000241,,
949,MAT 2021-2022,কোন এনজাইম আমিষ পরিপাকে সাহায্য করে?,B,B,False,True,2.3267483660001744,B.,
950,MAT 2021-2022,কোন পদ্ধতিতে কোভিড ১৯ ভ্যাক্সিন প্রস্তুত করা হয় না?,D,D,False,True,0.30043923999983235,D,
951,MAT 2020-2021,কোনটি ভাইরাস বৃদ্ধিতে বাঁধা দেয়?,A,A,False,True,1.7540098640001816,A,
952,MAT 2020-2021,Alveolus থেকে অক্সিজেন রক্তে কিভাবে প্রবেশ করে?,D,D,False,True,2.647505549000016,D,
953,MAT 2020-2021,কোনটি Exocrine গ্রন্থি নয়?,A,A,False,True,0.5789226970000527,A,
954,MAT 2020-2021,কোনটি হাড়ের সাথে পেশি সংযুক্ত করে?,D,D,False,True,1.8300432580008419,D,
955,MAT 2020-2021,মানবদেহের রক্তে কোন বাফার দ্রবণ (buffer solution) থাকে?,A,,False,False,1.2990563929997734,,
956,MAT 2020-2021,কোনটি আমিষ পরিপাককারী (digesting) এনজাইম?,B,B,False,True,0.6300605169999471,B,
957,MAT 2020-2021,নেমাটোসিস্টের (Nematocyst) ভিতরে বিষাক্ত তরল পদার্থের নাম কী?,A,A,False,True,1.6323489700007485,A,
958,MAT 2020-2021,ঘাসফড়িং এর রক্ত কণিকার নাম কী?,D,,False,False,3.932218407999244,,
959,MAT 2020-2021,ক্ষুদ্রান্ত্রের কোন স্তরে পানপাত্র সেল (Goblet cell) পাওয়া যায়?,C,C,False,True,0.6010677550002583,C,
960,MAT 2020-2021,মাথার খুলিতে কয়টি হাড় রয়েছে?,C,C,False,True,1.2873278710003433,C,
961,MAT 2020-2021,কোনটি attenuated টিকা?,B,B,False,True,0.9392138510002042,B,
962,MAT 2020-2021,কোন কোষ ম্যাক্রোফেজে (macrophages) রূপান্তরিত হয়?,B,,False,False,0.5092078600000605,,
963,MAT 2020-2021,কোন পদ্ধতিতে Hydra লম্বা দূরত্ব অতিক্রম করে?,B,B,False,True,1.6728719050006475,B,
964,MAT 2020-2021,কোষের কোথায় ক্রেবস চক্র (Krebs cycle) সংঘটিত হয়?,C,C,False,True,0.38529315200048586,C,
965,MAT 2020-2021,কোন এনজাইম অগ্ন্যাশয়ে নাই?,A,A,False,True,0.7130652830001054,A,
966,MAT 2020-2021,ভ্রূণে লোহিত কণিকাসমূহ নিম্নের কোথায় তৈরি হয়?,AC,D,True,False,0.8600204150006903,D,
967,MAT 2020-2021,প্রাণিজগতের বৃহত্তম Phylum কোনটি?,A,A,False,True,2.0788756830006605,A,
968,MAT 2020-2021,লিভারের কোন লোবটি পিত্তথলির সাথে সংযুক্ত থাকে?,A,,False,False,1.6502103659995555,,
969,MAT 2020-2021,মানুষের সোমাটিক কোষে কয়টি অটোসোম থাকে?,C,,False,False,1.2920765349999783,,
970,MAT 2020-2021,গ্রোথ হরমোন কোথায় তৈরি হয়?,D,D,False,True,2.351081771999816,D,
971,MAT 2020-2021,Golgi complex কোনটি সংশ্লেষ (synthesis) করে না?,B,B,False,True,0.9270288369998525,B,
972,AFMC 2019-2020,পেসমেকারে কোন ব্যাটারি ব্যবহৃত হয়?,A,A,False,True,0.836428049999995,A,
973,AFMC 2019-2020,দ্বিপদ নামকরণের জনক কে?,A,A,False,True,0.8239396710005167,A,
974,AFMC 2019-2020,অন্তঃশ্বসন প্রধানত কোষের কোথায় সংঘটিত হয়?,B,,False,False,0.48127359299996897,,
975,AFMC 2019-2020,নিচের কোনটি হিমোসিলোমেট?,C,C,False,True,0.5285067919994617,C,
976,AFMC 2019-2020,কোনটির 6 টি কোডন আছে?,A,A,False,True,13.959875993999958,A,
977,AFMC 2019-2020,অত্যাবশ্যকীয় অ্যামিনো এসিড নয় কোনটি?,C,D,False,False,1.4075233969997498,D,
978,AFMC 2019-2020,ইনসুলিন কোথা থেকে নিঃসৃত হয়?,A,A,False,True,0.8143354080002609,A,
979,AFMC 2019-2020,মৎস্যখনি বলা হয়?,B,B,False,True,0.6218348889997287,B,
980,AFMC 2019-2020,অ্যাপেন্ডিক্স কোথায় থাকে?,B,B,False,True,0.7573569940004745,B,
981,AFMC 2019-2020,পিত্তথলি কোথায় উন্মুক্ত হয়?,C,C,False,True,1.1016866259997187,C,
982,AFMC 2019-2020,কত BMI কে স্বাভাবিক ওজন হিসেবে ধরা হয়?,C,C,False,True,0.5277091959997051,C,
983,AFMC 2019-2020,লোহিত রক্তকণিকার সাথে সম্পৃক্ত নয় কোনটি?,C,C,False,True,2.2159738159998597,C,
984,AFMC 2019-2020,কোনটি O₂ যুক্ত রক্ত পরিবহন করে?,A,AC,False,False,1.8555489780001153,"A,C",
985,AFMC 2019-2020,কোনটি লালাগ্রন্থি নয়?,D,D,False,True,2.0852109819998077,D,
986,AFMC 2019-2020,স্বরযন্ত্রের তরুণাস্থি নয় কোনটি?,A,A,False,True,0.7118866139999227,A,
987,AFMC 2019-2020,শ্রোণী অস্থি নয় কোনটি?,D,,False,False,1.5267834319993199,,
988,AFMC 2019-2020,দেহের ভারসাম্য রক্ষা করে কোনটি?,B,B,False,True,0.8589711449994866,B,
989,AFMC 2019-2020,বয়ঃসন্ধিকালে জরায়ু বৃদ্ধি নিয়ন্ত্রণে ভূমিকা নেই কার?,D,,False,False,1.4796294290008518,,
990,AFMC 2019-2020,গ্রন্থিরাজ বলা হয় কোনটিকে?,C,,False,False,1.0053213129995129,,
991,AFMC 2019-2020,মানবদেহে কোন ইউমিউনোগ্লোবিউলিন অনুপস্থিত?,A,,False,False,2.689636994000466,,
992,AFMC 2019-2020,সেক্স লিঙ্কড জিন নয় কোনটি?,B,B,False,True,1.1488760359998196,B,
993,AFMC 2019-2020,রক্ত জমাট বাধার ফ্যাক্টর নয় কোনটি?,C,B,False,False,0.7326564119994146,B,
994,AFMC 2018-2019,নিচের কোন প্রাণীটি ত্রিস্তরী?,B,,False,False,1.2401646430007531,,
995,DAT 2021-2022,কোন hormone পাকস্থলির এসিড নিঃসরণ নিয়ন্ত্রণ করে?,D,D,False,True,0.6221364499997435,D,
996,DAT 2021-2022,কোন কোষ বিভাজন পদ্ধতিতে RBC তৈরি হয়?,B,,False,False,1.6870183600003656,,
997,DAT 2021-2022,কোন hormone রক্তে Na+ এবং K+ এর সমতা রক্ষা করে?,C,C,False,True,0.5804629690001093,C,
998,DAT 2021-2022,স্বাভাবিক অবস্থায় হৃদপিন্ডের পেসমেকার কোনটি?,B,,False,False,1.5271925020006165,,
999,DAT 2021-2022,নিচের কোন রক্তকণিকাটি স্মৃতিকোষ?,D,D,False,True,0.8881543039997268,D,
1000,DAT 2021-2022,যকৃতে অবস্থিত ম্যাক্রোফেজকে কি কোষ বলে?,B,B,False,True,0.5946838580002805,B,
