text,label,Gemini_3.1_Flash_preview
আমার মেয়ের বয়স ২১+মাস জুলাই থেকে বুকের দুধ বন্ধ করে দিতে চাইছি... কি উপায়ে বন্ধ করা যায়।,INQ,INQ
১৬ মাসের বাচ্চাকে pran or milkvita ei দুধ খাওয়ানো যাবে?,INQ,INQ
কি করে ওকে আবার সলিড খাওয়াইতে পারবো কেউ কি বলতে পারবেন?,INQ,INQ
প্রেসারকুকার এ যারা বাচ্চাদের খাবার রান্না করেন? তারা কত লিটার এর টা ব্যাবহার করেন?,INQ,INQ
অয়েন্টমেন্ট দিয়েই কি ঠিক হয়ে যাবে?,INQ,INQ
যাদের মেয়ে বাবুর এরকম হয়েছে কতদিন লেগেছে ঠিক হতে?,INQ,INQ
"আমার বাচ্চার হাগু হয় না রেগুলার, কোন দিক দিয়ে হাওয়া দিতে হবে বলেন আপু",INQ,INQ
"মুরুব্বি রা বলতেসে ছোট বাচ্চা যত বেশি কোলে থাকে তত কম ওদের গ্রোথ হয়, শরীর বড় হয় না। এটা কি আসলেই সত্ত্য?",INQ,INQ
প্লিজ আপুরা একটু সাজেশন দিন কি করতে পারি..,INQ,INQ
"বাচ্চা টার টেনশন এ থাকি সারাক্ষন, মাথায় আর নিতে পারি না।আর কারো কি এমন হয়?",INQ,INQ
আমার প্রশ্ন হল  তবে কিসের পানি সহ ব্লাড বের হল?,INQ,INQ
একদম ছোট নরম ব্রিসেল এর বেবি টুথ ব্রাশ কোথায় পাবো? ইউ শেইপ গুলো ছাড়া৷ বেবি দের এইজ ১৯ মাস।,INQ,INQ
বাচ্চার সুন্নতে খাতনা কোথায় করালে ভালো হবে ঢাকার ভিতরে?,INQ,INQ
আচ্ছা আপুরা সকালের নাস্তায় বাবুকে কি দেন।,INQ,INQ
এমনতোঅবস্থায় দুধ শুকানোর কি কোন মেডিসিন আছে?,INQ,INQ
১) এই অবস্থায় আমি কিভাবে ফিডারে দুধ খাওয়ানোর অভ্যাস করতে পারি?,INQ,INQ
কিভাবে ওকে ওষুধ খাওয়ানো যায় কোন প্রসেস আছে?,INQ,INQ
আমাকে কেউ সাজেশন দিন কিভাবে বাবুর দুধ ছাড়িয়েছেন।,INQ,INQ
সে জাস্ট মুখে পুরে রাখে। কি করা উচিত আমার?,INQ,INQ
"মায়েরা প্লিজ আপনাদের কারো বাবুর সাথে কি এমন হয়েছে এখন আমার করনীয় কি, বেবীটা অনেক কষ্ট পাচ্ছে।।",INQ,INQ
প্লিজ আমাকে সাজেশন দিয়ে উপকৃত করবেন।।,INQ,INQ
তাহলে আপনি কি ফরমালিন দিবেন অরে?,INQ,INQ
কমাতে আমি পিসিফায়ার দেয়। এতে কি কোন সমস্যা হবে??,INQ,INQ
দয়া করে আমাকে একটু হেল্প করেন।,INQ,INQ
আর কিভাবে খাওয়ানো যায়? আপনারা কিভাবে দেন আপুরা? রেসিপি শেয়ার করবেন প্লিজ?,INQ,INQ
বাবুকে দুধ ছাড়ানোর পরে রাতে কি অন্য কিছু দিতে হবে ঘুমের মদ্ধে??,INQ,INQ
এখন দুধ ছাড়ানোর পরে কি শুধু বাড়তি খাবার দিবো??,INQ,INQ
রাতে কিছু চাইলে কি করতে হবে তখন??,INQ,INQ
"এইটা খাওয়ানো নিয়ম টা জানাবেন, ভিতরে কোন ও স্পুন নেই!!",INQ,INQ
এমন হওয়াটা কি স্বাভাবিক?,INQ,INQ
৫ ঘন্টায় একটা প্যাড কভার হয়ে যাওয়া কি বেশি ব্লিডিং?,INQ,INQ
"ওর ওজন ৩ কেজি ৯০০ গ্রাম মাত্র মাপলাম, এটা কি কম ওজন?",INQ,INQ
আর ১ মাস এর বেবির জর আসলে ডাক্তার কি নাপা drops খাওয়াতে বলেছিল আপনাদের কাউকে?,INQ,INQ
কেউ কেউ আবার বলে নাপা  নবজাতকের জন্য ভাল্ না?।,INQ,INQ
"আমার প্রশ্ন হল, আমি কি ওকে ফর্মুলা দুধ দিব?",INQ,INQ
nido 1+ এর পরিবর্তে কি দেয়া যায়?,INQ,INQ
গত ২-৩মাসের মধ্যে যারা বাংলাদেশ স্পেশালাইজড হস্পিটালে সিজারিয়ান ডেলিভারি করেছেন তাদের বিল কেমন এসেছিল একটু শেয়ার করবেন কি?,INQ,INQ
সিজারিয়ান ডেলিভারির প্যাকেজ কত?,INQ,INQ
ওর এই রাত জাগার অভ্যাস কিভাবে দূর করব।,INQ,INQ
কারো কি বাচ্চা নিয়ে এমন এক্সপেরিয়েন্স আছে?,INQ,INQ
থাকলে প্লীজ সাজেস্ট করবেন আমাকে প্লীজ প্লীজ প্লীজ।,INQ,INQ
এ অবস্থায় কি বাচ্চাকে ব্রয়লার মুরগির ডিম দেয়া যাবে???,INQ,INQ
বাচ্চারা পরিষ্কার করে কত বছর থেকে কথা বলতে পারে?,INQ,INQ
এটা কি ও ওর বাবার থেকে জেনেটিকালি পেয়েছে?,INQ,INQ
নিচে ভিডিও দিলাম অভিজ্ঞ মায়েরা একটু শুনে বলবেন,INQ,INQ
"বাচ্চাদের ৩.৫ মাসের দিকে যে হাত খাওয়া শুরু হয়, সেটা কি এমনি এমনি চলে যায়?",INQ,INQ
মালিবাগের আশেপাশে ভাল একজন গাইনী ডাক্তার সাজেস্ট করুন প্লিজ যিনি পেশেন্ট কে সময় দিয়ে কথা শুনেন এবং মনোয়ারা ডেলিভারি ইস্যুতে অন-কল সার্ভিস দিয়ে থাকেন।,INQ,INQ
আচ্ছা বাচ্চা দিনে হলে কি রাতে ঘুমায় কম বা রাতে হলে দিনে ঘুমায় কম এটা কতটুকু সত্যি?,INQ,INQ
প্লিজ আমাকে একটা বুদ্ধি দিয়ে হেল্প করুন।‌,INQ,INQ
বাবুকে কিভাবে ফিডারে অভ্যস্থ করাবো প্লিজ একটা কার্যকরী টিপস দিন প্লিজ।,INQ,INQ
"একটু ফ্যান বন্ধ থাকলে মাথা ঘেমে চুল ভিজে উঠে,  এমন কেনো হচ্ছে কিছু বুঝতে পারছি না,আপনাদের  কারু বেবির কি এমন হয়?",INQ,INQ
আমার মত দুশ্চিন্তায় কি অনেকেই ভুগছেন??,INQ,INQ
"পোস্ট ডেলিভারি পিরিয়ড  এ bleeding  অনেক বেশি,কোনো স্পেশাল স্যানিটারি pad আছে, না regular pad use করেন সবাই?",INQ,INQ
"বেবীর বয়স **, কতটুকু ফর্মূলা খাওয়াবো?",INQ,INQ
আমার বেবী ** বয়সে ** ml খাওয়াই। কিন্তু আমার মনে হচ্ছে ওর পেট ভরছে না। কতটুকু খাওয়াবো?,INQ,INQ
bm পাম্প করে বোতলে খাওয়াচ্ছি বেবীকে। বুঝতে পারছি না কতটুকু খাওয়াতে হবে।,INQ,INQ
পটের কোনটা দেওয়া ভালো হবে?,INQ,INQ
এই অবস্থায় আমি যদি Electric Breast Pump টা কিনি কতটুকু কাজে দিবে আসলে?,INQ,INQ
আমার কি মিল্ক প্রডাকশন বাড়বে?,INQ,INQ
এখন কি একটা ভালো এমাউন্ট ইনভেস্ট করা ঠিক হবে?,INQ,INQ
দাত উঠেনি এমন বাবুর খিচুড়ি তে চিকেন কিভাবে দেন?,INQ,INQ
প্রতিদিন ব্লেন্ড করেন?,INQ,INQ
নাকি একদিনে ব্লেন্ড করে আইস ট্রে তে রাখেন?,INQ,INQ
"Biomil Soy e milk টা দিতে বলেছে , এখন কি দেয়া ঠিক হবে??",INQ,INQ
আমি এখন বুঝতে পারছি না আমার মেয়ের খাবার খাওয়ার অভ্যাস কিভাবে চেঞ্জ করবো?,INQ,INQ
আর ওকে আর কি কি খাবার দিব সারাদিনে??,INQ,INQ
ও কিছুই খাইনা দেখে আমার মাথায় ডিফারেন্ট কোনো আইডিয়া  ও আসে না। প্লিজ হেল্প মি,INQ,INQ
"কি টাইপ স্পুন, বোল, পানির কাপ কিনবো?",INQ,INQ
বেবির খিচুড়ি রান্না করতে কি আলাদা ছোট প্রেশার কুকার/ছোট পাতিল কিনেছিলেন?,INQ,INQ
কোন ডাক্তার ভালো হবে জানা থাকলে জানাবেন প্লিজ।,INQ,INQ
বাচ্চাকে কিভাবে আমি খাওয়াব আর না খেলে কী কী ক্ষতি হবে।,INQ,INQ
এই রকম সমস্যা যারা মিস করেছেন তারা কিভাবে বাচ্চাকে ফর্মুলা দুধ খাওয়াচ্ছেন???,INQ,INQ
আশা করি আপনাদের কাছ থেকে সাজেশন পাবো। ধন্যবাদ।\,INQ,INQ
অনেক আপারা প্রশ্ন করে জানতে চেয়েছেন শিশু বেবি ওয়াকার কখন দিবেন?,INQ,NAR
বেবি ওয়াকার কি আসলেই তাড়াতাড়ি হাটা শিখতে সহযোগিতা করে? নাকি অন্য কিছু?,INQ,INQ
ওয়াকারের সুবিধাগুলো কি কি?,INQ,INQ
পায়ের এই অংশ শক্ত.... এখানে চাপ পরলে অনেক ব্যাথা করে।।।।।  সমাধান কি কেউ বলতে পারেন?,INQ,INQ
কিন্ত আজকে হঠাৎ ব্যাথা করছে এখন কি করা যায়??৬ মাস আগে টিটি ভ্যাক্সিন নিয়েছিলাম।এখন কি করা যায়??,INQ,INQ
কেউ একটু পরামর্শ দিতে পারবেন কি করতে পারি? বা কোনো ঘুমের ওষুধের সাজেশন দিতে পারবেন যেটাতে ক্ষতি কম। ধন্যবাদ।,INQ,INQ
"চোখের পাতা এবং চোখের নিচে অনেক কালো হয়ে গেছে এর জন্য কি ক্রিম / মলম ব্যাবহার করতে পারি,,,,,",INQ,INQ
বদ্ধ রুমে কয়েল জালালে তা কি৷ মাথা ব্যাথার কারণ হতে পারে?,INQ,INQ
"চট্টগ্রামে ভালো একটা হসপিটালের নামের দরকার,",INQ,INQ
"বাম স্তনে প্রচুর ব্যাথা,,,,কি ঔষু্ধ খেলে কমে যাবে,,",INQ,INQ
"মাথায় ভেতর কফ বা পানি জমে আছে, কি ওষুধ খেলে এটা ভালো হবে ??",INQ,INQ
আপনার স্ত্রীকে ডেলিভারির নামে কিসের সিজার করাচ্ছেন?,INQ,INQ
ভাল বিশেষজ্ঞদের পরামর্শ কামনা করছি,INQ,INQ
এখন কি করনীয় আমার,INQ,INQ
"এখন এসব সমস্যা গুলো কাটিয়ে স্মৃতিশক্তি বাড়ানো এবং বুকের কফ সমস্যা সমাধানের জন্য এবং মানসিক ভাবে কমফোর্ট হওয়ার জন্য,",INQ,INQ
আমার দৈনন্দিন জীবনে কি কি করা উচিত?,INQ,INQ
"সুপরামর্শ দিলে উপকৃত হইবো,অগ্রিম ধন্যবাদ।",INQ,INQ
এই গরমে পেটের সমস্যা থেকে মুক্তির উপায় জানাবেন প্লিজ প্লিজ,INQ,INQ
কিভাবে ঘা শুকাতে পারি যাতে আর চামড়া পানি পানি ভাব বা ভেজা ভেজা না থাকে,INQ,INQ
চুল সফ্ট এবং সিল্কি করা যায় কিভাবে?,INQ,INQ
এই মলমের কাজ কি প্লিজ জানাবেন,INQ,INQ
সহবাস টাইম দীর্ঘ করার জন্য কি কোন ক্যাপসুল আছে?,INQ,INQ
যেটা খাওয়ার পর ২০-২৫ মিনিট টাইম দেয়া যাবে?,INQ,INQ
কোথায় নিয়ে গেলে ভালো হবে? India Singapore Thailand?,INQ,INQ
"আপনার মায়ের লিভারের কোন টেস্ট করিয়েছেন? দেখাতে পারবেন? বাহিরের চেয়ে দেশেও ভালো ট্রিটমেন্ট আছে,",INQ,INQ
তারপর আগের মত হয়ে যায়  কী করা যায়??,INQ,INQ
আমি জানি এলার্জি সম্পূর্ন ভালো হয় না কিন্তু এটাকে স্থায়ীভাবে নিয়ুন্ত্রনের কোন উপায় আছে কি?,INQ,INQ
অথবা ভালো কোন ডাক্তার বা মেডিকেল সাজেস্ট করতে পারবেন?,INQ,INQ
পেট ফোলা সাথে পাতলা পায়খানা ও বমি হচ্ছে কি ঔষধ খাবো বা কি করব কেউ পারলে একটু পরামর্শ দিয়ে হেল্প করেন।,INQ,INQ
"এখন প্রশ্ন হলো, যদি আমি হস্তমৈথুন করি কিন্তু বীর্যপাত না ঘটায় তাহলেও কি শুকিয়ে যাবো? মানে হস্তমৈথুন করতে করতে বীর্য বের হওয়ার সময় হলে যদি তখন আর হস্তমৈথুন না করি তাহলেও কি শুকিয়ে যাওয়ার সম্ভাবনা আছে?",INQ,INQ
"আমার বুকের বাম পাশে বিচির মতো শক্ত এবং হালকা ব্যাথা করে,,, এর জন্য করনীয় কি? আর কি হতে পারে?",INQ,INQ
"দু পায়ের গোড়ালি তে খুব ব্যাথা,  এতে কোনো সমাধান আছে? অভিজ্ঞদের পরামর্শ চাই।",INQ,INQ
কি ওষুধ খেলে ভালো হবে।,INQ,INQ
এক বছর বয়সী বাচ্চা কে গ্লুকোজ খাওয়া নো যাবে কী না?,INQ,INQ
এখন করণীয় কি????,INQ,INQ
"তো আপনাদের যদি উপায় জানা বা এই সমস্যার সমাধান করার উপায় থাকে তাহলে, আমার জানাবেন plz,  বাজে কমেন্ট করিয়েন না plz",INQ,INQ
এমতঅবস্থায় উনাকে ঢাকাতে কোথায় দেখাতে  পারি?,INQ,INQ
"উনার কি কি পরীক্ষা করানো উচিত, যাতে কি জন্য ব্যথাটা হচ্ছে এটা নিচ্ছিত হতে পারি?",INQ,INQ
"একজন পরামর্শ দিলো MRI  করানোর জন্য।  তাহলে বুজা যাবে কেন ব্যথাটা হচ্ছে। যদি MRI করতে হয় , তাহলে কোথায় থেকে করলে ভালো হবে ?",INQ,INQ
"হালকা চাপ নিলেই মাথাব্যথা করে,এখন আমার করণীয় কি?",INQ,INQ
পা ফাটা থেকে কিভাবে মুক্তি পাবো?,INQ,INQ
so please কেউ যদি কোন ভালো ডাক্তারের সম্পর্কে জানেন একটু  পরামর্শ দিতেন,INQ,INQ
কোনো এন্টিবায়োটিক ট্যাবলেট খাওয়ার আগে কি গ্যাসের ট্যাবলেট খাওয়া লাগে?,INQ,INQ
এটার কারন কি?  আর কোন ডাক্তার দেখালে ভালো হবে?,INQ,INQ
সিনকারা সিরাপ এটা কি মেয়েদের জন্য??  নাকি ছেলে মেয়ে উভয়ই খেতে পারবে??,INQ,INQ
মাথায় অনেক চুল পারে সেই জন্য কি শ্যাম্পু ব্যবহার করা য়ায,INQ,INQ
স্বর ভংঙ হলে গলার ভিতর কোন জিনিসটির বিলুপ্ত হয়..?,INQ,INQ
কোন জিনিসটির বিলুপ্ত হওয়ার ফলে গলার আওয়াজের পরিবর্তন হয়..?,INQ,INQ
মেয়েদের হরমোন এর অভাবে মাসিকের রাস্তায় জালাপোড়া হলে মেডিসিন এর পাশাপাশি হরমোন অভাব পুরনের জন্য কি কি খাবার খেতে পারে..?,INQ,INQ
চোখের দূরের দৃষ্টিশক্তি কম গ্রুপে এমন কেউ কি আছেন?,INQ,INQ
"সম্মানিত ডক্টরদের কাছে পরামর্শ চাই,কিভাবে আমি এই পেইন থেকে মুক্তি পেতে পারি.।",INQ,INQ
হঠাৎ করে আমার ঠোঁটের কোনে ঘাঁ হয়ে গেছে এখন কি করনীয়?,INQ,INQ
সকালে খালি পেটে মেথি চিবিয়ে খেলে কৃমি ও নানান রোগ দূর হয়।,INF,INF
খাবারে মেথির স্বাস্থ্যসম্মত উপস্থিতি ডায়াবেটিক ও স্ট্রোকের ঝুঁকি কমায়।,INF,INF
সকালে খালি পেটে মেথি চিবিয়ে খেলে অথবা মেথি ভেজানো পানি খেলে রক্তে ক্ষতিকর কোলেস্টেরলের পরিমাণ কমে যায়।,INF,INF
রক্তে চিনি কমানোর বিস্ময়কর উপাদান হিসেবে মেথি বিবেচিত হয়।,INF,INF
মেথি গ্যাস্ট্রিক ও বদহজমের মহৌষধ হিসেবে পরিচিত।,INF,INF
মাতৃদুগ্ধ বৃদ্ধির জন্য কালিজিরার মতো মেথি পিষে খেলে উপকার হয়।,INF,SUG
তবে মেথি ভাজলে এর গুণাগুণ অনেকটাই নষ্ট হয়ে যায়।,INF,INF
তাই কড়া রোদে মেথি শুকিয়ে তার ভর্তা খাওয়া যেতে পারে।,INF,SUG
মেথি গরমজনিত ত্বকের অসুখে অত্যন্ত উপকারী।,INF,INF
মেথি ভেজা এই তেল নিয়মিত ব্যবহারে চুলের গোড়া হয় শক্ত ও মজবুত হয়।,INF,INF
মেথি গুঁড়ো টক দইয়ের সাথে মিশিয়ে চুলে লাগালে চুল হয় কোমল ও ঝরঝরে।,INF,INF
"ত্বকে ঘা, ফোড়া, ইরিটেশন ইত্যাদি দূরীকরণে মেথির জুড়ি নেই।",INF,INF
মেছতায় মেথি বাটা নিয়মিত ব্যবহার করলে তা সহজে ছড়িয়ে পড়ে না এবং ধীরে ধীরে কমে যায়।,INF,INF
কোলন ক্যান্সার প্রতিরোধ করে থাকে,INF,INF
"মেথিতে রয়েছে প্রোটিন, ফাইবার, আয়রন, পটাশিয়াম, উপক্ষার, ভিটামিন সি এবং নিয়াসিন।",INF,INF
এগুলো ছাড়াও এতে রয়েছে ডায়োজেনিন এবং বিভিন্ন বৈশিষ্ট্যসম্পন্ন স্ত্রী হরমো,INF,INF
কাঁচা পেঁপে সবজি ও সালাদ হিসেবে ব্যবহৃত হয়।,INF,INF
হরমোনজনিত সমস্যায় অ্যান্টিএন্ড্রোজেন দিয়েও চিকিৎসা করা হয়।,INF,INF
"চিকিৎসার ক্ষেত্রে ব্রণের প্রকার, আনুষঙ্গিক জটিলতা, রোগীর বয়স এবং সময়কাল বিবেচনা করা হয়।",INF,INF
"প্রথমত চিকিৎসায় বিভিন্ন ধরনের ক্রিম, যেমন: ইরাইথ্রোমাইসিন, ক্লিনডামাইসিন, এজিলিক অ্যাসিড, টেন্টনয়েন, বেনজাইল পারঅক্সাইড ইত্যাদি ব্যবহার করা হয়।",INF,INF
"কাজ না হলে বা রোগ তীব্র হলে এর পাশাপাশি মুখে খাবার ওষুধও, যেমন: এজিথ্রোমাইসিন, ডক্সিসাইক্লিন, ক্লিনডামাইসিন ইত্যাদি দেওয়া হয়।",INF,INF
"কখনো এরপরও ব্রণ হতে থাকে বা কখনো বড় গোটা বা ফোড়ার মতো দেখা যায়, সে ক্ষেত্রে সবচেয়ে কার্যকর হলো আইসো টেট্রিনয়েন ক্যাপসুল।",INF,INF
ব্রণ হলে আক্রান্ত স্থানে বার বার স্পর্শ করা উচিত নয়।,INF,SUG
সকালে এককোয়া রসুন খেলে যে ৮ ধরণের রোগ আপনার কাছে ঘেঁষতে পারবে না,INF,INF
"কোন ঘা বা আলসার থেকে বিশ্রী পঁচা দুর্গন্ধ বেরুচ্ছে এমন রোগীর সদৃশ ঔষধ- ব্যাপ্টিসিয়া, মার্ক সল।",INF,INF
তাতে দেখা গেছে নিয়মিত মুগ ডাল খেলে রক্তে শর্করার মাত্রা কম হতে থাকে।,INF,INF
"ঠান্ডা পানি পান করা মারাত্মক ক্ষতির কারণ হতে পারে! যদি অল্প বয়সে ঠাণ্ডা পানি প্রভাবিত না করে, তবে এটি বৃদ্ধ বয়সে ক্ষতি করবেই।",INF,INF
লাল চালে রয়েছে সেলেনিয়াম।,INF,INF
এটি শরীরের রোগ প্রতিরোধ ক্ষমতা বাড়ায়।,INF,INF
আর পলিশ করা সাদা চালে খুবই সামান্য পরিমাণে সেলেনিয়াম থাকে।,INF,INF
লাল চালে যে পরিমাণ আয়রন রয়েছে তা রক্ত শূন্যতায় ভোগা মানুষের জন্য ম্যাজিকের মতো কাজ করে।,INF,INF
রক্তে শর্করার মাত্রা নিয়ন্ত্রণে রাখে বলে লাল চাল ডায়াবেটিসের রোগীদের জন্যও খুব উপকারী।,INF,INF
লাল চালে থাকে ক্যালসিয়াম ও ম্যাগনেশিয়াম এই উপাদান দুটি একসঙ্গে হাড়ের ক্ষয় প্রতিরোধ করতে সাহায্য করে ও দাঁত ভালো রাখে।,INF,INF
"ম্যাগনেশিয়াম মাইগ্রেন কমায়, উচ্চরক্তচাপ কমায় ও হৃদরোগ প্রতিরোধ করে।",INF,INF
"লাল চালের অ্যানথোসায়ানিন ত্বকের ভাঁজ কমায়, ত্বকে তারুণ্য ধরে রাখে এবং এতে অ্যান্টি–অক্সিডেন্ট থাকায় সূর্যের আলোর ক্ষতিকর আলট্রা ভায়োলেট রশ্মি থেকে ত্বককে রক্ষা",INF,INF
"লাল চালে প্রচুর অ্যানথোসায়ানিন নামের অ্যান্টিঅক্সিডেন্ট থাকে, যা শরীরে প্রদাহ ও অ্যালার্জি কমায়।",INF,INF
পাশাপাশি ক্যানসারের ঝুঁকি এবং ওজন কমাতে সাহায্য করে।,INF,INF
তাই যারা ওজন কমানোর চেষ্টা করছেন তাদের জন্যও সাদা চালের চেয়ে লাল চাল (ব্রাউন রাইস) ভালো।,INF,SUG
"অতিরিক্ত ঘুমের অভাব মাইক্রোগ্লিয়া কোষকে সক্রিয় করে এবং তাদের ফ্যাগোসাইটিক (কোষের বর্জ্য খেয়ে ফেলা) কাজে অনুপ্রেরণা দেয়, নিউরোইনফ্লামেশনের কোনো বড় লক্ষণ ছাড়াই।",INF,INF
এ থেকে বোঝা যায় বড় সময়ের জন্য ঘুমের অভাব মাইক্রোগ্লিয়াকে প্রভাবিত করে এবং অন্যান্য সমস্যার ব্যাপারে মস্তিষ্ককে সংবেদনশীল করে তোলে।”,INF,INF
"তবে যে ব্যাপারটি বেশি দুশ্চিন্তার উদ্রেক করে তা হলো মাইক্রোগ্লিয়ার কার্যক্রম, তারা অতিরিক্ত ঘুমের অভাবের ফলে সক্রিয় হয়।",INF,INF
আর এর সক্রিয়তা থেকে দেখা দিতে পারে আলঝেইমার্স এবং মস্তিষ্কের ক্ষমতা ক্ষয় হওয়ার অন্যান্য রোগগুলো।,INF,INF
"ঘুমের অভাব হলে সিন্যাপ্সের কিছু অংশ খেয়ে ফেলে অ্যাস্ট্রোসাইট, এটা আমরা প্রথমবারের মত দেখাতে পেরেছি",INF,INF
গর্ভবতী নারীর কোভিড-১৯ ভ্যাকসিন গ্রহণের লাভ-ক্ষতি সম্পর্কিত তথ্য এখনো অপ্রতুল।,INF,INF
অন্যান্য টিকার মত কোভিড-১৯ ভ্যাকসিন গ্রহণের পরেও টিকা পরবর্তী বিরূপ প্রতিক্রিয়া দেখা দিতে পারে।,INF,INF
কোভিড-১৯ ভ্যাকসিন এর দীর্ঘমেয়াদি প্রভাব সম্পর্কিত কোন তথ্য এখন পর্যন্ত জানা নেই।,INF,INF
"কখনো কখনো হজম প্রক্রিয়াকে তরান্বিত করতে শরীরের বিভিন্ন অর্গান বা অংগ থেকে পাকস্থলী বা স্টম্যাক এর দিকে রক্তের ডাইভারসন হয়, এর মাঝে হৃদপিন্ড বা হার্ট অন্যতম যেখানে রক্ত চলাচলে স্বল্পতা ঘটে।",INF,INF
ফলশ্রুতিতে ভারী খাবার দাবারের ২ ঘন্টার মধ্যে হার্ট অ্যাটাকের ঝুঁকি বেড়ে যায় প্রায় চারগুণ।,INF,INF
রোগীর নিজের থেকে উত্পন্ন প্ররোচিত প্লুরিপোটেন্ট স্টেম সেলগুলি নতুন অঙ্গ জন্মাতে ব্যবহার করা যেতে পারে যা প্রত্যাখ্যাত হওয়ার ঝুঁকি কম থাকে।,INF,INF
ট্রান্সপ্ল্যান্টে ব্যবহারের জন্য স্টেম সেলগুলি নতুন অঙ্গ তৈরি করতে ব্যবহার করা যেতে পারে:,INF,INF
বয়সজনিত ম্যাকুলার ডিজেনারেশনের সাথে কিছু লোকের দৃষ্টিশক্তি হারায় কারণ রেটিনার কোষ?  চোখের রেটিনাল পিগমেন্ট এপিথেলিয়াম (RPE) কোষ কাজ করা বন্ধ করে দেয়।,INF,INF
"হস্তমৈথুন জনিত কারনে যাদের বিশেষ অঙ্গ নিস্তেজ, দুর্বল ও ছোট হয়ে গেছে, তাদের জন্য আকরকরা হতে পারে অনন্য সমাধান।",INF,INF
"ঠান্ডা সর্দি কাশি, বৃক্কের কফ নিঃসারক ও বলকারক হিসেবে বহু বছর থেকে ব্যবহৃত হয়ে আসছে।",INF,INF
কালোজিরায় আছে অ্যান্টিমাইক্রোরিয়াল এজেন্ট অর্থাৎ শরীরের রোগ-জীবাণু ধ্বংসকারী উপাদান।,INF,INF
"এর উপস্থিতিতে শরীরে সহজে ঘা, ফোড়া, সংক্রামক রোগ হয় না।",INF,INF
স্টেম সেল হল এমন একটি কোষ যার শরীরে বিশেষ ধরনের কোষে বিকশিত হওয়ার অনন্য ক্ষমতা রয়েছে।,INF,INF
ভবিষ্যতে এগুলি রোগের কারণে ক্ষতিগ্রস্ত বা হারিয়ে যাওয়া কোষ এবং টিস্যুগুলিকে প্রতিস্থাপন করতে ব্যবহার করা যেতে পারে।,INF,INF
কালোজিরা ডায়াবেটিস রোগীদের রক্তের শর্করার মাত্রা কমিয়ে দেয় ফলে ডায়াবেটিস আয়ত্তে রাখা সহজ হয়।,INF,INF
কালোজিরা চুলের গোড়ায় পুষ্টি পৌঁছে দেয় ফলে চুলপড়া বন্ধ হয় এবং চুল লম্বা হতে সাহায্য করে।,INF,INF
কালোজিরা মস্তিস্কে রক্ত সঞ্চালন বৃদ্ধি করে ফলে স্মরণ শক্তি বৃদ্ধি পায়।,INF,INF
কালোজিরা শিশুর দৈহিক ও মানসিক বৃদ্ধিকে ত্বরান্বিত করে।,INF,INF
দেহের সাধারণ উন্নতি; নিয়মিত কালোজিরা সেবনে শরীরের প্রতিটি অঙ্গ প্রত্যঙ্গকে সতেজ করে ও সার্বিকভাবে স্বস্থ্যের উন্নতি সাধন করে।,INF,INF
"অরুচি, উদরাময়, শরীর ব্যথা, গলা ও দাঁতের ব্যথা, মাইগ্রেন, চুলপড়া, সর্দি, কাশি, হাঁপানি নিরাময়ে কালোজিরার ভূমিকা অসাধারণ।",INF,INF
কালোজিরা নিন্ম রক্তচাপ বৃদ্ধি এবং উচ্চ রক্তচাপ হ্রাস করার মাধ্যমে শরীরে রক্তচাপের  মাত্রা স্বাভাবিক করতে সাহায্য করে।,INF,INF
"কালোজিরা শ্বসনতন্ত্র, সংবহন, পেট, অন্ত্র, কিডনি এবং লিভার সম্পর্কিত রোগের নিরাময় করে।",INF,INF
"মাথা ঝিমঝিম করা, অবসন্নতা-দুর্বলতা, অনিদ্রা, চুলপড়া , মুখশ্রী ও সৌন্দর্য্য রক্ষা, মাথাব্যথা, নিষ্ক্রিয়তা ও অলসতা, ইত্যাদি দূর করতে কালোজিরা কার্যকরী।",INF,INF
দুধ একটি সুষম খাবার।,INF,INF
"দুধে যে #বায়োঅ্যাক্টিভ প্রপারটিস থাকে, তা #স্ট্রেস কমিয়ে ভালো ঘুম হতে সাহায্য করে।",INF,INF
"দুধে ভিটামিন ডি থাকে, যা হাড় মজবুত করতে সাহায্য করে ।",INF,INF
"বেশিরভাগ নারীদের বয়স বৃদ্ধির সাথে সাথে #অস্টিওআরথ্রারাইটিসের সমস্যা দেখা দেয়, তাই প্রতিদিন  দুধ খেলে এ ধরনের রোগ হওয়ার সম্ভাবনা কম থাকে।",INF,INF
"দুধের মধ্যে প্রোটিন এবং ল্যাক্টিন রয়েছে তা আপনাকে রিল্যাক্স করতে সাহায্য করে, ফলে সারাদিনের কাজের জন্য #এনার্জি পাওয়া যায়।",INF,INF
"দুধে #কোবালামিন থাকে, যা ত্বকের ইল্যাস্টিসিটি বজায় রাখতে সাহায্য করে ফলে অকালে চামড়া ঝুলে যায়না এবং ত্বক নরম ও তরতাজা থাকে।",INF,INF
ত্বক সুন্দর ও পরিষ্কার হতে সাহায্য করে।,INF,INF
"পাকস্থলীর কোনো অসুখ, খাদ্যনালীর কোন গঠনগত ত্রুটি, মাত্রাতিরিক্ত এ্যাসিডিটির সমস্যা, অতিরিক্ত কোষ্ঠ্যকাঠিন্য, দীর্ঘ সময় যাবৎ না খেয়ে থাকার পরে এক সাথে অতিরিক্ত খেয়ে ফেলা, হঠাৎ করে খুব বেশী পরিমাণে খাবার নিয়ন্ত্রণ করা, অতিরিক্ত ঝাল খাওয়া, গভীর রাতে বা খুব ভোরে একসাথে অনেক বেশি খাওয়া হলো খাবার সঠিকভাবে হজম না হওয়ার অন্যতম কারণ।",INF,INF
"প্যানক্রিয়াস নামের এক ধরনে অঙ্গ রয়েছে, যাতে ইনফেকশন হলে খাবার সঠিকভাবে হজম হয় না।",INF,INF
রক্তে চিনির মাত্রা অতিরিক্ত বেড়ে গেলে হজম শক্তি দূর্বল হয়ে যায়।,INF,INF
"মাদকদ্রব্য, ধূমপান, অতিরিক্ত চা-কফি, পান, সুপারী, গুল, জর্দা প্রভৃতি হজম শক্তি দুর্বল করে।",INF,INF
"গলব্লাডারে পাথর, কিডনীতে পাথর, খাদ্য নালীর অপারেশনের পরে হজমে সমস্যা হতে পারে।",INF,INF
রাতে ঘুমাতে যাওয়ার আগে এক গ্লাস দুধ পান করা স্বাস্থ্যের জন্য অনেক উপকারী।,INF,INF
এই চন্দন কিন্তু ত্বকের যেকোনো সংক্রমণ কমাতেও সমান কার্যকরী।,INF,INF
পেঁপের তরকারি নিয়মিত খেলে উদরাময়ে উপকার হয়।,INF,INF
আমাশা থেকে মুক্তি পাওয়ার অদ্ভুত শক্তি আছে কাঁচা পেঁপের আঠায়।,INF,INF
"মাথার অস্বাভাবিক যন্ত্রণা, বমি ও হাত-পা অবশ হয়ে যাওয়া সাধারণত মাইগ্রেনের উপসর্গ।",INF,INF
অনেকের আবার এই ব্যথার প্রকোপে জ্বরও এসে যায়।,INF,INF
"খিদে কমে যাওয়া, যন্ত্রণা থেকে অবসাদ সবই হানা দিতে পারে এই ব্যথা থেকে।",INF,INF
এসোমিপ্রাযল/ ওমিপ্রাযল পাকস্থলীতে অ্যাসিড গঠন কমিয়ে বুক জ্বলা কমাতে সাহায্য করে।,INF,INF
"আমাদের পাকস্থলিতে অতিরিক্ত বা ভারসাম্যহীন অ্যাসিড উৎপন্ন হওয়ার ফলে পেট ব্যথা, গ্যাস, বমিবমি ভাব, মুখে দুর্গন্ধ বা অন্য সমস্যা দেখা দিতে পারে।",INF,INF
"কাঁচা পেঁপে বা পেঁপে গাছের আঠা পেটের অসুখ, কোষ্ঠকাঠিন্য প্রভৃতি রোগের জন্যও বিশেষ উপকারী।",INF,INF
প্রতিদিন দুপুরে ভাত খাওয়ার পর এবং রাতে ভাত বা রুটি খাওয়ার পর এক টুকরা কাঁচা পেঁপে ভালো করে চিবিয়ে এক গ্লাস পানি পান করলে সকালে পেট পরিষ্কার হয়।,INF,SUG
পুষ্টিগুণ: ক্যারোটিন ও ভিটামিন সি সমৃদ্ধ।,INF,INF
"অজীর্ণ, কৃমি সংক্রমণ, আলসার, ত্বকে ঘা, একজিমা, কিডনি সংক্রান্ত জটিলতা, ডিপথেরিয়া, আন্ত্রিক ও পাকস্থলীর ক্যান্সার প্রভৃতি রোগ নিরাময়ে কাঁচা পেঁপের পেপেইন ব্যবহার করা হয়।",INF,INF
"পেঁপের আঠা ও বীজ ক্রিমিনাশক ও প্লীহা, যকৃতের জন্য উপকারী।",INF,INF
নিয়মিত কাঁচা পেঁপের তরকারি সদ্য বাচ্চা সন্তান জন্ম দেয়া নারীদের স্তনের দুধ বাড়ায়।,INF,INF
হজম সম্পর্কিত যে কোনো অসুখে কাঁচা পেঁপের আঠা খেলে তা দ্রুত নিরাময় হয়।,INF,INF
"মাথার অস্বাভাবিক যন্ত্রণা, বমি ও হাত-পা অবশ হয়ে যাওয়া সাধারণত মাইগ্রেনের উপসর্গ।",INF,INF
যেকোনো ভারী খাবার দাবারের পর হার্ট অ্যাটাকের ঝুঁকি বেড়ে যায়।,INF,INF
ওয়াকারের কারনে শিশু আঙুলে ভর দিয়ে হাটে যা শিশুর পায়ের ভুল মাসলকে শক্ত করে।,INF,INF
স্বাভাবিক ভাবে হাটা শিখলে শিশু নিজের পায়ের পাতার উপরে ভর দিয়ে দাঁড়ায়।,INF,INF
প্রয়োজনে পা উঠা নামা করে।,INF,NAR
"পায়ের গোড়ালির,  হাটুর ব্যবহার সঠিক থাকে।",INF,INF
যে সব শিশু ওয়াকার ব্যবহার করে তাদের ৪০% বিভিন্নভাবে ব্যথা পেয়ে থাকে।,INF,INF
ওয়াকারের কারনে শিশু খুব দ্রুত নড়াচড়া  বা মুভ করে যার কারনে শিশুর ব্যথা পাওয়ার সম্ভবনা বেড়ে যায়।,INF,INF
সাধারণভাবে শিশুরা নিজে থেকে দাড়ানো শেখার ২ থেকে ৩ মাসের ভিতরে হাটা শিখে।,INF,INF
শিশুরা সাধারণত ৯ মাস থেকে ১৫ মাসের ভিতরে নিজে নিজে দুই এক কদম পা ফেলতে শুরু করে।,INF,INF
শিশু ওয়াকার বা আপনার হাত ধরে হাটলে হাটতে উৎসাহিত হতে পারে৷ শিশু ওয়াকার ব্যবহার করে দাঁড়ানো সম্পর্কে ধারণা পায়৷,INF,INF
৮ থেকে ১২ মাসের শিশুরা তাদের আশেপাশের সব কিছু এক্সপ্লোর করতে ভালোবাসে।,INF,INF
ওয়াকার যেহেতু শিশুকে সবসময় দাঁড়ানো অবস্থায় রাখে তাই শিশু সঠিকভাবে হাটার ব্যালেন্স শিখতে পারে না।,INF,INF
এর মানে হলো শিশু যদি বার বার নিজে উঠে দাঁড়ায় ও আবার পরে যেয়ে উঠে হাটে তাহলে শিশু ভালো ব্যালেন্স শিখতে পারে।,INF,INF
"গবেষণায় দেখা গেছে, যে সব শিশুরা ওয়াকার ব্যবহার  করে তারা তুলনামুলক দেরীতে হাটা শিখে।",INF,INF
ওয়াকার শিশুর পা কে শক্ত করে।,INF,INF
এটা শিশুর জীবনের দীর্ঘ সময়ের হাটার ধরনে প্রভাব ফেলতে পারে এবং শিশুর হিপের (hip) ও সমস্যা দেখা দিতে পারে।,INF,INF
"মুল কথা হলো শিশু নিজে হাটা শিখলে তার জয়েন্টে সমস্যা হবে না, মাসলের বিকাশ ও ঠিক থাকবে।",INF,INF
জোর করে কোন কিছুর সাহায্যে  (ওয়াকার) শিশুকে হাটা বা দাড়ানোর চেষ্টা করা হলে শিশু ব্যালেন্স বুঝতে পারে না।,INF,INF
"ফিজিওথেরাপিস্টদের মতে, ওয়াকার শিশুর জন্য মোটেও নিরাপদ না।",INF,INF
আকরকরার নামক লতানো উদ্ভিদটির মূল ঔষধি হিসেবে ব্যবহৃত হয়।,INF,INF
থাইরয়েড গ্রন্থিটি গলার সামনের দিকের উঁচু হাড়ের নিচে অবস্থিত।,INF,INF
গ্রন্থিটি দেখতে প্রজাপতির মতো এবং এটি ট্রাকিয়া বা শ্বাসনালিকে পেঁচিয়ে থাকে। ছোট গ্রন্থি হলেও এর কার্যকারিতা ব্যাপক।,INF,INF
থাইরয়েড গ্রন্থি থেকে নিঃসৃত হরমোন মানব পরিপাক প্রক্রিয়ায় অন্যতম ভূমিকা পালন করে।,INF,INF
মায়ের থাইরয়েড হরমোনের সমস্যা থাকলে এর প্রভাব নবজাতকের ওপর পড়ে।,INF,INF
নবজাতকের থাইরয়েড হরমোনের অভাব শিশুর স্বাভাবিক শারীরিক ও মানসিক বৃদ্ধিতে ব্যাঘাত ঘটায়।,INF,INF
যার ফলে শিশু প্রতিবন্ধী হতে পারে। প্রতিবন্ধী হওয়ার হাত থেকে রক্ষার জন্য প্রতিটি নবজাতকের জন্মের সঙ্গে সঙ্গে থাইরয়েড পরীক্ষা করা জরুরি।,INF,SUG
শারীরিক কার্যক্ষমতা সঠিক রাখার জন্য নির্দিষ্ট মাত্রায় এই হরমোন শরীরে থাকা একান্ত জরুরি।,INF,INF
হরমোন স্বাভাবিক থেকেও থাইরয়েড গ্রন্থি ফুলে যেতে পারে।,INF,INF
"সাধারণত আয়োডিনের অভাবে গলা ফোলা রোগ হয়ে থাকে, যাকে আমাদের সাধারণ ভাষায় ঘ্যাগ রোগ বলা হয়।",INF,INF
আয়োডিন শরীরে অতি প্রয়োজনীয় থাইরয়েড হরমোন তৈরিতে গুরুত্বপূর্ণ ভূমিকা রাখে।,INF,INF
থাইরয়েড সমস্যা নির্ণয়ের জন্য রক্ত পরীক্ষা করতে হয়।,INF,INF
এগুলো শরীরের ইনসুলিন সরবরাহ বাড়ায় এবং রক্তের সুগার লেভেল কমাতে সাহায্য করে।,INF,INF
বর্তমানে অনেকেই মন খারাপ হলেই বিষণ্ণতায় আক্রান্ত বলে মনে করে চিকিৎসার জন্য ব্যতিব্যস্ত হয়ে পড়েন।,INF,INF
"এ ছাড়া ব্রণ চিকিৎসায় আধুনিক প্রযুক্তির ব্যবহারও বেড়েছে। বিশেষ করে ব্রণ-পরবর্তী দাগ বা ক্ষত সারাই করতে এগুলো কার্যকর। যেমন: মাইক্রোনিডলিং, মেসোথেরাপি, রেডিওফ্রিকোয়েন্সি, পিআরপি, মাইকোডার্মাব্রেশন, লেজার ইত্যাদি।",INF,INF
বাদাম শরীরকে রাখে চাঙ্গা। পুষ্টিগুণ ও শারীরিক উপকারিতা দিক দেখতে গেলে এর বিকল্প নেই।,INF,INF
তাই উচ্চ রক্তচাপের অসুখে ভুগছেন এমন রোগীর ডায়েটে রাখতে পারেন রসুন।,INF,SUG
যকৃত ও মূত্রাশয়কে নিজের কাজ করতে সাহায্য করে রসুন।,INF,INF
এ ছাড়া পেটের নানা সমস্যাও হজমের সমস্যা মেটাতেও রসুন ভালো কাজ করে।,INF,INF
"ভাইরাস ও সংক্রমণজনিত অসুখ যেমন- ব্রংকাইটিস, নিউমোনিয়া, হাঁপানি, হুপিং কাফ ইত্যাদি প্রতিরোধে করে।",INF,INF
অনেক সময় পেট খালি থাকার পর এটি খেলে এর রস সহজে শরীরকে ডিটক্সিফাই করতে পারে।,INF,INF
সকালে ঘুম থেকে ওঠার পর মেটাবলিক রেটও একটু বেশি থাকে।,INF,INF
সকালে খালি পেটে রসুনের কোয়া খেলে সারা রাত ধরে চলা বিপাকক্রিয়ার কাজ উন্নত হয়।,INF,INF
এ ছাড়া শরীরের দূষিত টক্সিনও মূত্রের মাধ্যমে বেরিয়ে যেতে পারে।,INF,INF
শীতে ঠাণ্ডা লাগলে খালি পেটে এক কোয়া রসুন খেলে উপকার পাওয়া যাবে।,INF,INF
দুই সপ্তাহ সকালে রসুন খেলে ঠাণ্ডা লাগার প্রবণতা অনেকটা কমে।,INF,INF
রক্ত সঞ্চালন ঠিক রাখে রসুন।,INF,INF
গরমে শরীর থেকে অতিরিক্ত ঘাম ঝরে। তাই শরীরে বাড়তি পানির প্রয়োজন হয়।,INF,INF
অনেকের আবার এই ব্যথার প্রকোপে জ্বরও এসে যায়।,INF,INF
"খিদে কমে যাওয়া, যন্ত্রণা থেকে অবসাদ সবই হানা দিতে পারে এই ব্যথা থেকে।",INF,INF
আর কানাডা এপ্রিল ২০০৭ সালে শিশুদের নিরাপত্তার কথা চিন্তা করে ওয়াকার ব্যান করেছে।,INF,INF
"যাদের শুধুমাত্র ওয়াকার দেয়ার জন্য শিশুর জয়েন্ট, হাড় বা মাসলের সমস্যা হয়েছে।",INF,INF
মন খারাপ একটি স্বাভাবিক আবেগ অন্যদিকে বিষণ্ণতা একটি আবেগজনিত মানসিক রোগ।,INF,INF
মন খারাপ বা স্যাডনেস বিষণ্ণতার একটা লক্ষন এর সাথে আরোও কয়েকটি লক্ষণ (সবমিলে কমপক্ষে ৫টি) থাকলে তাকে বিষণ্ণতা বলা হয়।,INF,INF
বাংলাদেশে ৬.৭%মানুষ বিষণ্ণতায় আক্রান্ত (জাতীয় মানসিক স্বাস্থ্য ইনিস্টিউট-২০১৯),INF,INF
মন খারাপ সাধারণত অল্প কিছুদিন থাকে এটা ক্ষনস্থায়ী অন্যদিকে বিষণ্ণতা দীর্ঘদিন অর্থাৎ ১৪ দিন বা তার বেশি সময় থাকে।,INF,INF
"তবে সমস্যা হল, আমার মনে হচ্ছে যে ওর পুষ্টি ঘাটতি হচ্ছে, বিশেষ করে ভিটামিন ডি।",NAR,NAR
"আর সবাই বলে ও শুক্না, ওর ওজন এখন ৮ কেজি, আলহামদুলিল্লাহ।",NAR,NAR
করোনার সময় আমার হাজবেন্ডের করোনা হলে জিহ্বা চুলে যাওয়াতে কিছুই খেতে পারত না।,NAR,NAR
এই দিকে শরীরও অনেক দুর্বল হয়ে যাচ্ছিল।,NAR,NAR
বাবুও খুব পছন্দ করত আলহামদুলিল্লাহ!,NAR,NAR
আমাদের কেউ সিক হলে এভাবে মুরগি দিয়ে জাও খাওয়াই।,NAR,NAR
নিজেকে খুব হেল্পলেস লাগে বাচ্চা যখন খেতে চায় না ।,NAR,NAR
বাবুর বয়স ৮ মাস ।,NAR,NAR
ওর ১৮১ তম দিন ওকে আমি সলিড দিয়েছিলাম ।,NAR,NAR
বাবু ফুল টাইম bm খাইসে Alhamdulillah এর আগে  কোনো ফর্মুলা মিল্ক লাগেনি খাওয়ানো।,NAR,NAR
কিন্তু গত ১ মাস ধরে ভাইরাল কিছু না কিছু ওর স্কিন এ দেখা যাচ্ছে ।,NAR,NAR
Dr medicine দিয়েছে and medicine খেয়ে তেমন ইমপ্রুভ করে নি ।,NAR,NAR
বদলে আমার বাবু সলিড খাওয়া অফ করে দিসে totally ।,NAR,NAR
"যে বাচ্চা কে খাবার মুখে দিতে দেরি হলে আঙ্গুল টেনে নিয়ে খেতো সেই এখন খাবার মুখে দিলেই বমি করে , কাশি দিয়ে লাল হয়ে যায় ।",NAR,NAR
বাবু আমার খাবার দেখে interest দেখায় মুখেও নেয় কিন্তু বমি হয়ে যায়। বমির ওষুধ খেয়েও দেখসি।।,NAR,NAR
এর মধ্য ওজন ১২ কেজি থেকে কমে এখন ১১.৫ কেজিতে নামছে।,NAR,NAR
"আমার মেয়ে ৬ মাস থেকে মা, আম, মাম্মা বলত, কিন্তু ডাকছে বলে মনে হয়নি।",NAR,NAR
৮ মাসে প্রথম বাবা বলে একদম বাবার কাছে গিয়ে চোখের দিকে তাকিয়ে। জানিনা সে ডাকার জন্যই গিয়েছিল কিনা।,NAR,NAR
৯ মাসের আগে থেকেই এই দুটো ডাক ক্লিয়ার হয়েছিল।,NAR,NAR
"এখন ১১ মাস, এখন আর নানা উল্টাপাল্টা শব্দ বললেও মা আর বাবা এই দুইটা ডাকার জন্যেই বলে আলহামদুলিল্লাহ , অন্য শব্দ বলতে বললে বলতে চায়, লজ্জা পাচ্ছে ভাব ধরে হাসি দেয়।",NAR,NAR
"আমার বড় মেয়ে ২ বছরের পর গিয়ে আব্বু বলেছিল, আম্মু বলেছে ২.৫+ হওয়ার পর।",NAR,NAR
"আবার ছোট মেয়ে ১ বছর পর থেকে আব্বু বলে কিন্তু আম্মু এখনো বলে না, ওর এখন ১৯ মাস, ও মাত্র ৩ টা শব্দ বলে।",NAR,NAR
আয়ান কে নিয়ে আল্লাহর রহমতে ভালো ভাবে দেশে ফিরে আসলাম।,NAR,NAR
আল্লাহর রহমতে আয়ান ভালো আছে ওর রিপোর্ট গুলো ভালো এসেছে।,NAR,NAR
আমার মেয়ের কিছুদিন আগে সেইম কন্ডিশন হয়েছে।ডক্টর অয়েন্টমেন্ট দিয়েছে।,NAR,NAR
বললো ১০ দিন দিয়ে দেখতে।,NAR,NAR
অলরেডি ৬ দিন হয়ে গেছে।কিন্তু কন্ডিশন আগের মতোই।,NAR,NAR
এখন খুব টেনশন হচ্ছে।,NAR,NAR
ডক্টর তো বললো অনেক সময় ডায়াপার এর কারণে ঘষা লাগতে লাগতে এমন হয়,NAR,NAR
কত সময় লাগবে জানিনা শুধু এইটুকু জানি কালকের সকালটা আমার জন্য অনেক কষ্টের।,NAR,NAR
ক্ষিধের জ্বালায় কি পরিমান কান্না করবে আর তার কান্না থামানো আমার জন্য কঠিন এক পরিক্ষা।,NAR,NAR
আজকে আয়ানকে দেখে ডাক্তার গুলো অনেক খুশি হয়েছে তাদের ভাষ্যমতে অপারেশনের পরে আয়ান যেভাবে বাড়ার কথা ঠিক সে রকমের বেড়েছে মাশাল্লাহ।,NAR,NAR
"বেবির বয়স ১.৫ মাস, কোলে ঘুমায়৷ নইলে ঘুমায় না।",NAR,NAR
"তারপর বেড এ শুইয়ে দেই,  আমি ১ম মা হলাম, ছোট নরম বেবি টাকে কোলেই নিতে পারি না, ঘাড় টা ঠিক মত ধরতে পারি না, ঘাড় টা বাকা হয়ে পরে যায় আমি কোলে নিতে গেলে,আমার থেকে আমার ক্লাস ১০ এ পরা ছোট বোন সুন্দর বাচ্চা কোলে নিতে পারে ফিডার খাওয়াতে পারে, আমি ব্রেস্ট মিল্ক ই খাওয়াই বাট ফিডারে মাঝে মাঝে খাওয়াই সেটাও বেবির মুখ গলে নিচে বেয়ে পরে যায়,আমার ছোট বোন খাওয়ালে পরে না।",NAR,NAR
"আমার নিজের মা নাই, শাশুড়ি ও নাই, একা পালি বেবি,",NAR,NAR
"নিজেকে ব্যর্থ মা মনে হয়, মনে হয় যে আমার জন্য নিস্পাপ শিশু টা কস্ট পাচ্ছে,পালতেই পারি না যখন তাহলে কেন আরো পরে বেবি নিলাম না, আগে বেবি পালার কোর্স করতাম",NAR,NAR
অনেকেই তো নিউ মম তাও সুন্দর বাচ্চা কে গোসল করাতে পারে পালতে পারে। আমি পারি না।,NAR,NAR
"১১ সপ্তাহের প্রেগন্যান্সি চলে গত ২৭ মে এর আল্ট্রা অনুযায়ী,  এরপর ৩০ তারিখ অফিস এ বসে থাকা অবস্থায় সাডেন পানিসহ ব্লাড বের হয় পায়জামা ভিজে যায়, আর ১ ইঞ্চির মত রক্তের দলা পড়ে যায়।",NAR,NAR
"২ ঘন্টা পর আল্ট্রা করে দেখি বেবি মুভমেন্ট আছে, হারটবিট ১৭২ যা বেশি।",NAR,NAR
ডাক্তার দেখিয়েছি উনি আংগুল দিয়ে চেক করে বলল জরায়ু মুখ খুলেনি। উনার আংগুল এ ব্লাড আসছিল।,NAR,NAR
"এখন ইঞ্জেকশন ওষুধ,  বেড রেস্ট এ আছি,",NAR,NAR
"বাবুর বয়স ২১ মাস। ডিম, হাতে বেলা রুটি, আলু ভাজি, বাদাম সুজি খেত আগে এখন খায় না।",NAR,NAR
রাতে দুধ ওটস আর বাদাম দেই তাই সকালে অটস দিতে চাচ্ছি না।,NAR,NAR
সকালে খিচুড়ি খেতে দিতেও মন চায় না নাকি দিব বুঝতেসিনা।,NAR,INQ
"ওকে জুস করে দেই, খায় না, ফল দিলে এক দুই কামড় এর এবশি দিতে চায় না।",NAR,NAR
আলহামদুলিল্লাহ আমার বাচ্চাকে বুকের দুধ খাওয়ানো বন্ধ করতে পেরেছি।,NAR,NAR
কিন্তু এখন আমার বুকের দুধ চাকা হয়ে আছে অনেক পেইন হচ্ছে।,NAR,NAR
"আমাকে ডক্টর বলেছিলেন শুধু সেক নিতে, কোন ওষুধ লাগে নাই। এম্নিতেই ঠিক হয়ে গেছে।",NAR,NAR
আমার বাচ্চার বয়স 22 মাস।,NAR,NAR
কিন্তু ও অন্য কোন দুধ খেতে চায় না।,NAR,NAR
তার দুধের চাহিদা অপূর্ণ থেকে যাচ্ছে।,NAR,NAR
জীবনে কোনদিন ফিডারে দুধ খায়নি।,NAR,NAR
কোন ওষুধ খেতে চায় না।,NAR,NAR
আমার বাচ্চার বয়স দুই বছর।,NAR,NAR
"শুরু থেকেই ও এভারকেয়ারে ডাঃ কামরুল হাসানের আন্ডারে ছিল। নিসন্দেহে উনি খুব ভালো পেডিয়াট্রিক কিন্তু লাস্ট কয়েক মাস যাবত কোনভাবেই ইমারজেন্সি সিচুয়েশনে উনার সিরিয়াল পাচ্ছিনা, সিরিয়ালের জন্য কল করলেই দেখি নেক্সট ১/১.৫ মাসের সিরিয়াল বুকড।",NAR,NAR
"আমি  মিরপুর ১১, ইসলামী ব্যাংক হাসপাতেল একবার দেখিয়েছি, আমার ছেলের হয়েছিল ডায়রিয়া।",NAR,NAR
আর উনি মেডিসিন লিখেছিলেন পুরো দেড় পাতা জুড়ে ।,NAR,NAR
তাই এই হাসপাতালের রিকমেন্ডেশন চাচ্ছিনা,NAR,NAR
অনেক খেতে চায় না বাট ঘুমের সময় দুধ মুখে নিতেই হবে।,NAR,NAR
এই অভ্যাস পালানো প্লাস ও দিনে দুধ খেত না বলে রাতে  ফিডার দিলাম।,NAR,NAR
এখন ফিডার খাইয়ে ও বুকের দুধ মুখে নেয়ার অভ্যাস ছাড়াতে পারছি না।,NAR,NAR
দুপুরেও একই কাজ দুধ মুখে দিলে ১০ মিনিটে ঘুম না দিলে ২ ঘন্টা তেও ঘুমায় না।,NAR,NAR
আবার ১ ঘন্টা বাদে উঠে ক্যান ক্যান করলে দুধ না দিলে মারপিট জেদ কান্না করে উঠে যায়।,NAR,NAR
আর যদি দুধ দেই তাহলে আরো দুই ঘন্টা ঘুমায়৷,NAR,NAR
আমার দুধ কখনোই আহামরি বেশি না যে সে খাচ্ছে৷,NAR,NAR
আমার মেয়ের সাড়ে তিন বছর চলছে।।,NAR,NAR
গত তিন দিন যাবত পেট ব্যথা পেট ব্যথা বলছে।।,NAR,NAR
ডাক্তার দেখানো হয়েছে কিছু টেস্ট করা হয়েছে রিপোর্ট আলহামদুলিল্লাহ ভালো এসেছে কিন্তু ও আজকেও বলছে পেট ব্যথা কি করব কিছুই বুঝতেছিনা।।,NAR,INQ
ব্যথার ওষুধ গ্যাস্ট্রিকের ওষুধ এবং বমির ওষুধ খাওয়ানো হয়েছে।।,NAR,NAR
"তো এতোদিন আমার মায়ের কাছে বলতো এসব৷ আজকে মা ঘুমে, আমাকে এসে বলছে, ওমুক বাসার এক বাবু, আপনার বাবুর এক মাস আগে হইসে, কিন্তু বাচ্চাটা না একদম বাড়ে নাই।",NAR,NAR
"উনারা ফরমালিন খাওয়ায় বাচ্চাকে, বুকের দুধ দেয় না।",NAR,NAR
আমি বলতে গেলে ওল্ড স্কুল স্টাইলেই বাচ্চা পালি।,NAR,NAR
"আমি বাচ্চাকে এক্সক্লুসিভ ব্রেস্টফিডিং করাই, এবং দুধ ঠিকমতো আসলে ৬ মাস পর্যন্ত তাই করার ইচ্ছা৷",NAR,NAR
তারপর আমার বাচ্চাকে আমি দিনের একটা লম্বা সময় ন্যাপি ছাড়া রাখি।,NAR,NAR
আমার বাবুর আজকে 11 দিন।,NAR,NAR
বাবু পেট ভরে গেলে ও বুঝে না তারপর বমি করে দেয় আর বমি করে ও আবার খেতে চায়।,NAR,NAR
আমি ১ বছর থেকে ওকে কমড সিটে বসাই।,NAR,NAR
আমার ডেলিভারির(নরমাল) ৩ মাস পর আমার পিরিয়ড হয় এবং ৪/৫ দিন ব্লাড যায়।,NAR,NAR
মাঝখানে আবার ১ সপ্তাহ অফ থেকে এবং আবার গতকাল থেকে ব্লিডিং হচ্ছে।,NAR,NAR
ব্লাড গুলো গাঢ় খয়েরী।,NAR,NAR
সাথে খুব তলপেট ব্যাথা।,NAR,NAR
বিঃদ্রঃ কোনো জন্মবিরতিকরণ পদ্ধতি ব্যবহার করিনা।,NAR,NAR
হেমোরেজ হওয়ার সম্ভাবনা থাকতে পারে।,NAR,INF
আমার বেবির বয়স ১ মাস ১৩ দিন।,NAR,NAR
"ও এক্সক্লুসিভ ব্রেস্ট মিল্ক খায়, ফর্মুলা খুবি কম দেই,একেবারে না পারতে ৩-৪ দিন পরপর এক বেলা দেই বা দেই ই না।",NAR,NAR
প্রেগনেন্সির ৩২ সপ্তাহ চলছে।।,NAR,NAR
আমার বাচ্চার বয়স ৪ মাস আলহামদুলিল্লাহ।,NAR,NAR
"১১ মাস পূর্ণ হওয়া বাবু কে এতদিন অব্দি শুধু বুকের দুধ আর বাড়তি খাবার দিয়েছি, ফর্মুলা দুধ দেইনি, কারন ও ফীডার এ দুধ খুব একটা খেতে চায়না, (ডায়রিয়ার সময় ওকে গ্যাস্ট্রোফিক্স দুধ দিয়েছিল, তখন দেখেছি) ৬০ মিলি বানালে ৩০ মিলি খায়।",NAR,NAR
"আবার কার্টুন দেখার তালে থাকলে পুরোটা খায়, তবে তার বুকের দুধ ই বেশি পছন্দ।",NAR,NAR
আজকে 4.২০ সে ঘুম আসছে।,NAR,NAR
ঘুম থেকে উঠেছে দুপুর 1.৩০ সে।,NAR,NAR
আবার বিকাল 4 টার দিকে ও ঘুমিয়ে পরবে।,NAR,NAR
হস্পিটালের রিসেপশনে কোন ফিক্সড ধারনা দিতে পারে নাই।,NAR,NAR
আমার ছেলের ২ বছর ৯ মাস ১ দিন exactly।,NAR,NAR
"ও এখনো র উচ্চারণ করতে পারে না, ল উচ্চারণ করে।যেমন রাত - লাত। ও প্রচন্ড অস্থির,চঞ্চল।",NAR,NAR
"স্থির হয়ে আস্তে ধীরে কোনো কথা বলে না,তাড়াতাড়ি কথা বলতে গিয়ে অর্ধেক বলে,অর্ধেক ভিতরে থেকে যায়।",NAR,NAR
"কথার মাঝখানে এসে খেই হারিয়ে যায়,কি বলবে গুছিয়ে উঠতে পারে না,চেষ্টা করে যায়।",NAR,NAR
"ওর দাদা সবসময় বলে ও কি বলে আমি বুঝি না,আবার বাইরের মানুষ হা করে থাকে কিছু বুঝেনা বলে।",NAR,NAR
আমাদেরকে আবার তর্জমা করে দিতে হয়।,NAR,NAR
মাঝে মাঝে আমিও বুঝি না।,NAR,NAR
"ওর বাবার একটু স্পিচ এ প্রবলেম আছে,ওর কথাও এখনো অনেকই বুঝে না,তাড়াহুড়ায় হড়বড় করে ফেলে।",NAR,NAR
ওর কাজিনের ১২ বছর কথা মুখে বাজে(র - ল হয়ে যায় এমন আরো অনেক কিছু) তাই আমি একটু কনসার্ন।,NAR,NAR
আমার বেবির বয়স ৫ মাস ১৮ দিন।,NAR,NAR
"গতকাল থেকে পাতলা পায়খানা করছে, গতকাল ৭-৮ বার।৷",NAR,NAR
আমার এক মেয়ে অনেক রাতে এক মেয়ে সকালে হয়েছে।,NAR,NAR
আমার বাবুর বয়স ৬ মাস ৬ দিন।,NAR,NAR
আমার ফ্লো একদম কমে গেছে + আগামী মাস থেকে আমার আইএলটিএস এর ক্লাস শুরু।,NAR,NAR
"বাবুকে এপটামিল ২ , এভেন্টের নিপল ৩++ দিচ্ছি ৬ দিন ধরে কিন্তু সে একবেলা খেলে পরেরবার খাচ্ছে না।",NAR,NAR
এখন ৯ মাস চলছে। ডায়াপার ফ্রি।,NAR,NAR
শীতের ২মাস ডায়াপার দিয়েছি শুধু।,NAR,NAR
আগে ৩০ মিনিট পরপর বসাতাম।,NAR,NAR
কিন্তু এখন সলিড খাবার খায় তো তাই দেরিতে বসায়।,NAR,NAR
বিছানায় হিসু করা বোঝে না সে।,NAR,NAR
"ঘুমের আগে হিসু করে ঘুমায়,আবার ভোর বেলা পটিতে বসে হিসু করে",NAR,NAR
ওর ওজন ১২ কেজি।,NAR,NAR
কিছুই খেতে চায়না দিনদিন শুকিয়ে যাচ্ছে।,NAR,NAR
"টুইন বাবু আমার, বুকের দুধ ই খায় ৬ মাস পুরা হওয়াই সলিড স্টার্ট করেছি, একজন কিছুই মুখে দেয়না, কিছু মানে কিছুইনা, কিছু দিলে এমন ভাবে বের করে ভেতর থেকে যেনো এরচেয়ে বাজে খাবার আর নেই।",NAR,NAR
"আমি মানুষিক ভাবে ভেঙ্গে যাচ্ছি,",NAR,NAR
নাচ গান কবিতা ঘুরে ঘুরেও খাওয়ানোর সব কিছুই ট্রাই করি বাট নাথিং ওয়ার্ক!,NAR,NAR
"ওর চিৎকারে এমন মনে হয় ওর ভোকাল কর্ড ছিড়ে যাবে,,, কীভাবে ওকে খাওয়াব, নিজেরে খুউব অপারগ লাগছে।",NAR,INQ
আমার মেয়ের বয়স ৩ মাস ১৭ দিন।।,NAR,NAR
আমার ছেলের বয়স ৩+,NAR,NAR
"গত একমাস থেকে ওকে   Cow & gate দুধ টা দিয়েছি,১ম কয়েকদিন তেমন কোন পরিবর্তন দেখি নি কিন্তু আজকে ১০-১২ দিন থেকে যতবার ই দুধ খাচ্ছে সাথে সাথে পায়খানা করছে,ফেনা ফেনা,ছাকড়া ছাকড়া।",NAR,NAR
বুকের দুধ খেলেও সেইম ই হচ্ছে।।,NAR,NAR
হোমিও ঔষধ খাওয়াচ্ছি কোন কাজ হচ্ছে না।।,NAR,NAR
আপনি বলাতে চাইলে ওর সামনে বলে বলে চেষ্টা করেন।,SUG,SUG
ডায়পার চেঞ্জের সময় টুকুতে চেক করবেন।,SUG,SUG
আর সেটাও যদি না হয় তাহলে ২-৩ মিনিটের জন্য তার হাতে এমন কিছু দিবেন যেটা সে সহজে চাইলেও পায় না।,SUG,SUG
এই টেষ্ট গুলোর কিছু খালি পেটে আবার কিছু ভরা পেটে করাতে হবে।,SUG,INF
গরম সেক নিন দিনে কয়েকবার।,SUG,SUG
হট ওয়াটার ব্যাগ ব্যবহার করতে পারেন।,SUG,SUG
আপু আপনি যেহেতু ওর কান্না ম্যানেজ করতে পারতেছেন না যদি সম্ভব হয় তাহলে ওর থেকে কয়েকদিন দূরে থাকুন।,SUG,SUG
"১০ মাসে হামাগুড়ি না দেওয়াটা অস্বাভাবিক না,আর ১-২মাস অপেক্ষা করতে পারেন।",SUG,SUG
ডাক্তার দেখলেই সবচেয়ে ভালো কারণ এমনি ব্লিডিং এটা নরমাল কিন্তু ভিতরে ভিতরে প্রবলেম থেকে থাকলে বেশ বিপদজ্জনক।,SUG,SUG
আপনি যার আন্ডারে ডেলিভারি করিয়েছেন উনাকে আরেকবার দেখান।,SUG,SUG
"এভাবে করে দেখুন আপু,বিকাল ৪ টার পরে কোনোভাবেই ঘুমাতে দিবেন না।",SUG,SUG
"খেলতে দিবেন, ক্লান্ত হয়ে ঘুমিয়ে যাবে, রুম একদম অন্ধকার করে শোয়াবেন, নিরব থাকে যেন রুমিটা আর কি।",SUG,SUG
শুধু এইটুকু সময়ে স্যালাইন দিতে পারেন।,SUG,SUG
পেট ভালো হলে আর দিবেন না।,SUG,SUG
ডক্টরকে জিজ্ঞেস না করে জিঙ্ক দিয়েন না।,SUG,SUG
"যেহেতু ৫ মাস রানিং, পেট ভালো হওয়ার ১ সপ্তাহ পর আপেল সিদ্ধ, ভালো ভাবে ম্যাশ করে আধা চা চামচ পর পর চার দিন দিয়ে দেখবেন।",SUG,SUG
চারদিন পর কলা চটকে দিবেন।,SUG,SUG
"ঘুমের উপযোগী পরিবেশ তৈরি করতে আপনার শিশুর ঘর থেকে টেলিভিশন, কম্পিউটার এবং অন্যান্য ইলেকট্রনিক ডিভাইসগুলি সরান।",SUG,SUG
একটি উষ্ণ স্নান করাতে পারেন যদি বাচচা বেশি গরম বোধ করে ।,SUG,SUG
"পিজে পরান , দাঁত ব্রাশ করুন এবং শুভ-রাত্রির গল্প পড়ুন - নিয়মিত অভ্যাস করান।",SUG,SUG
বাচ্চাকে আস্থা দিন ।,SUG,SUG
বাচ্চাকে  বলুন তাঁর যখন প্রয়োজন হবে আপনি সাথে সাথে হাজির হবেন ।,SUG,SUG
এর পর ও যদি  না শুনে তবে অন্য পথ আছে ।,SUG,NAR
এই সময় বাচ্চার  সাথে  গল্প করেন বা গল্প বলতে পারেন মজার কোন ।,SUG,SUG
"তাই তাকে শর্ত  দিন তুমি বড়  হয়েছো,  এখন থেকে একা ঘুমাবে এটা রুল ।",SUG,SUG
নিরাপত্তার সেন্স গড়ে তুলুন,SUG,SUG
"এই কারণে প্রথম বাচ্চাদের ভুতের ভয়  দেখিয়ে খাবার খাওয়ান ,ঘুমানোর হাবিট  গুলা আগে মা বাবাদেরই ছাড়তে হবে",SUG,SUG
বাচ্চার রুমে কিছু ডেকোরেট  ফেইরি লাইটস লাগিয়ে সজিয়ে দিতে পারেন,SUG,SUG
বাচ্চাকে বোঝান  এই রুমে তাঁর সাথে আর অনেক জনই রয়েছে,SUG,SUG
ধার্মিক হলে দুয়া পরে ঘুমানোর অভ্যাস  করতে পারেন ।,SUG,SUG
"ভুতের গল্প ,মুভি দেখা থেকে বিরত রাখুন ।",SUG,SUG
একটি শোবার সময় সেট করুন এবং রাতের রুটিন বজায় রাখুন,SUG,SUG
সবসময় আপনার সন্তানেকে  মনে করিয়ে দিন  এর পর কি কি কাজ ।,SUG,SUG
"একটি শুভরাত্রির পর, আপনার ছোট্টটি শিশুটি  কে  তাদের প্রিয় সিরিয়াল  বা পছন্দের নাস্তা বেছে নিতে দিন বা পরের দিন সকালে তাদের পোশাক  নিজেদের বাছাই করতে দিন।",SUG,SUG
দিনে দশ মিনিট  হলেও এক সময়  শিশুকে অগ্রাধিকার দিন।,SUG,SUG
"যদিও কান্নার মতো আচরণকে উপেক্ষা করা গুরুত্বপূর্ণ, তবে আপনার  শিশুর ভাল আচরণকে পুরস্কৃত করা উচিত।",SUG,SUG
দিনের বেলায় আপনার সন্তানের প্রতি মনোযোগ দিন,SUG,SUG
বেবীর নীড আর কিউ বুঝে দিতে হবে।,SUG,SUG
তবে fm বা পাম্প করে bm এর ক্ষেত্রে একটা খুব সহয সূত্র আছে যেটা পুষ্টিবিদ ও ডাক্তাররা ফলো করেন।,SUG,INF
"ফ্লোরাইড ছাড়া টুথপেস্ট পাওয়া যায় বাচ্চাদের, তা ইউজ করতে পারেন।",SUG,SUG
যখন একজন ডাক্তারের কাছে যান তার উপর আস্থা রাখুন নয়ত না যাওয়াই ভাল।,SUG,SUG
"আপু, একদমই মন খারাপ করবেন না, অনেক বেবিদেরই এই প্রবলেমটা হয়।",SUG,NAR
"বাবু একবার মুখে নিলেই ওকে এপ্রিশিয়েট করবেন, এতে আগ্রহ বাড়বে।",SUG,SUG
"কালারফুল প্লেটে খাবার দিতে পারেন, খাওয়ানোর সময় ওকে ফুড চিনাবেন।",SUG,SUG
"ব্লেন্ড করা খাবার একদমই অফ করে সেমি সলিড ট্রাই করেন, মেইন মিল দেওয়ার ২ ঘন্টা আগে কিছু খাওয়াবেন না, এতে পেটে খিদে থাকবে।",SUG,SUG
"এইভাবে প্রথম দিকে একটু হয়তো কম খাবে, যেহেতু একদম ব্লেন্ড করা ফুড থেকে সলিডে অভ্যস্ত হতে হবে, তাই আপনাকেও একটু ধৈর্য্য ধরে থাকতে হবে।",SUG,SUG
"আপনারা যারা সেম বিষয় নিয়ে স্ট্রাগল করছেন, কারও কথায় কান দিবেন না।",SUG,SUG
প্রতিদিন রাতে বা দিনে যে কোনো সময় ভালো ক্লিঞ্জার বা ফেস ওয়াশ দিয়ে ভালো করে মুখ ধুয়ে ও মুছে নিন।,SUG,SUG
এবার ক্রিমটি পরিমান মত হাতে নিয়ে স্কিনে আলতো করে ব্যবহার করুন,SUG,SUG
তাই আয়োডিনযুক্ত লবণ খেতে হবে।,SUG,SUG
সাদা চালের ভাতের বদলে বিভিন্ন গম জাতীয় শস্য যুক্ত করে নিন আপনার প্রতিদিনের খাদ্য তালিকায়।,SUG,SUG
পেটের মেদ কাটিয়ে উঠতে চাইলে প্রতিদিন প্রচুর পরিমাণে পানি পান করতে হবে।,SUG,SUG
উচ্চ তেলযুক্ত খাবার এবং কোল্ড ড্রিঙ্কসগুলো শরীরের বিভিন্ন জায়গায় চর্বি জমিয়ে রাখে। তাই এগুলো বাদ দিতে হবে।,SUG,SUG
চিনি জাতীয় খাবার থেকে দূরেই থাকুন অর্থাৎ চিনিকে না বলুন।,SUG,SUG
১ গ্লাস হালকা গরম পানিতে লেবু চিপে সরবত করে সঙ্গে একটু লবণ মিশিয়ে নিন।,SUG,SUG
ইচ্ছে হলে একটু মধুও মিশিয়ে নিতে পারেন।,SUG,SUG
কিন্তু চিনি মিশাবেন না।,SUG,SUG
প্রতিদিন সকালে পানীয়টি পান করুন।,SUG,SUG
এগুলো রান্নায় ব্যবহার করুন।,SUG,SUG
প্রতিদিন সকাল এবং বিকাল এই দুই সময়ে ফল খান।,SUG,SUG
"যতদিন পেটের মেদ না কমবে ততদিন নন-ভেজ খাদ্য অর্থাৎ মাংস, মাছ, ডিম, দুধ বাদ দিতে হবে।",SUG,SUG
তবে মাছের টুকরোর চামড়া ফেলে খাওয়া যেতেই পারে।,SUG,SUG
কাঁচা রসুনের কয়েক কোয়া সকাল বেলা চুষে খান।,SUG,SUG
তারপরে লেবুর সরবত পান করুন।,SUG,SUG
এই চিকিৎসাটি আপনার ওজন কমানোর জন্য সাহায্য করবে এবং শরীরের রক্ত প্রবাহ সহজ করবে।,SUG,INF
আরো জানতে বিশেষজ্ঞ ডাক্তারের পরামর্শ নিন।,SUG,SUG
"কয়েল পরিহার করে মশারি ব্যবহার করুন ভাই, এটাই শ্রেও",SUG,SUG
এ থেকে বাঁচার জন্য দীর্ঘ মেয়াদী চিকিৎসা করাতে হয়।,SUG,INF
বিষণ্ণতার জন্য সাইকোথেরাপি বা মেডিসিন বা কোন কোন সময়ে দুই চিকিৎসারই প্রয়োজন হয় কিন্তু মন খারাপের জন্য সাধারণত চিকিৎসার প্রয়োজন হয় না।,SUG,INF
এই জায়গায় জারমিসল দিয়ে মালিস করতে হবে।,SUG,SUG
আপনি বক্ষব্যাধি ডাক্তার দেখাতে পারেন,SUG,SUG
আর সাথে মনোরোগ বিশেষজ্ঞ ডাক্তারের পরামর্শ নিন,SUG,SUG
১ এবং ৩ নিয়মিত এক টাইমে পর্যাপ্ত ঘুমাতে হবে আর ২ এর জন্য ভাল ডাক্তার দেখিয়ে ঔষধ সেবন করতে হবে।,SUG,SUG
"ফাষ্ট আপনাকে আশ জাতীয় খাবার খেতে হবে, চর্বি জাতিয় খাবার এবায়োট করতে হবে।",SUG,SUG
পায়খানা সময় নিয়ে করতে হবে তাড়াহুরা করা যাবে না।,SUG,SUG
পায়খা শক্ত করা যাবে না।,SUG,SUG
খেয়াল রাখবেন পায়খার রাস্তা দিয়ে কেন পিন্ডর মত আশে কি না।,SUG,SUG
কৃমির জন্য এটা খান।,SUG,SUG
পাইলস বিশেষজ্ঞ একজন ডাক্তারের পরামর্শ নিবেন।,SUG,SUG
"ভেতরে ছোট পেন্ট পরবেন, এতে করে চামড়া উঠবেনা",SUG,SUG
ত্বকে চুলকানির সমস্যার স্থায়ী সমাধান পেতে হলে কিছু উপায় মেনে চলতে হবে।,SUG,INF
ত্বকে চুলকানি হলে বার বার চুলকে তা বাড়িয়ে তুলবেন না।,SUG,SUG
সেজন্য প্রথমে ১ চামচ করে বেকিং সোডা ও লেবুর রস নিয়ে একসঙ্গে মেশাতে হবে।,SUG,SUG
মিশ্রণ তৈরি হয়ে গেলে ত্বকের চুলকানির স্থানি লাগিয়ে মিনিট দশেকের মতো অপেক্ষা করতে হবে।,SUG,SUG
এরপর পরিষ্কার পানি দিয়ে ধুয়ে নিতে হবে।,SUG,SUG
নিয়মিত এভাবে ব্যবহার করলে ত্বকের চুলকানি থেকে মুক্তি পাবেন।,SUG,SUG
নিমপাতা ধুয়ে পরিষ্কার করে নিন।,SUG,SUG
