serial_no,exam_name,question,label,prediction,is_multi,correct,latency,raw_response,error,_idx
1,MAT 2024-2025,মস্তিষ্কের কোন অংশ মানুষের ক্ষুধা নিয়ন্ত্রণ করে?,C,C,False,True,3.3391171040000245,C,,
2,MAT 2024-2025,ডেলটয়েড টিউবারসিটি কোন অস্থির অংশ?,D,D,False,True,3.890621483000018,D,,
3,MAT 2024-2025,ফুসফুসের আবরণকে কি বলে?,D,D,False,True,4.727109770999959,D,,
4,MAT 2024-2025,নিচের কোনটি মানুষের দ্বিতীয় মস্তিষ্ক হিসাবে পরিচিত?,B,B,False,True,6.847845980999978,B,,
5,MAT 2024-2025,কানের কোন অংশ ভারসাম্য রক্ষায় কাজ করে?,B,B,False,True,3.844032210999899,B,,
6,MAT 2024-2025,নিচের কোন হরমোনটি মানুষের ডিম্বাশয় থেকে নিঃসৃত হয়??,C,C,False,True,4.088456416999975,C,,
7,MAT 2024-2025,কোন চক্রের মাধ্যমে যকৃতে ইউরিয়া তৈরী হয়?,B,B,False,True,4.266064048999965,B,,
8,MAT 2024-2025,কোন এন্টিবডি প্রধানত এলার্জির সাথে সংশ্লিষ্ট?,D,D,False,True,3.662859135999952,D,,
9,MAT 2024-2025,মানবদেহে সপ্তম করোটিক স্নায়ুর নাম কি?,B,B,False,True,6.831128053999919,B,,
10,MAT 2024-2025,এনজিওপ্লাস্টি করলে কি হয়?,B,B,False,True,6.725605569999971,B,,
11,MAT 2024-2025,কোন কোষ হেপারিন তৈরী ও নিঃসরণ করে?,D,D,False,True,5.444284649999986,D,,
12,MAT 2024-2025,ডাক্টাস ক্যুভেইরি রুই মাছের কোন তন্ত্রের অংশ?,B,B,False,True,7.880697912999949,B,,
13,MAT 2024-2025,পেসমেকারের কাজ কি?,D,D,False,True,5.037151074000008,D,,
14,MAT 2024-2025,"পূর্ণবয়স্ক সুস্থ মানুষের দুই বৃক্কে প্রতি মিনিটে মোট রক্ত সঞ্চালনের
পরিমাণ-",D,D,False,True,7.321412627999962,D,,
15,MAT 2024-2025,কোনটির উপস্থিতিতে স্নেহ পদার্থের ইমালসিফিকেশন হয়?,A,A,False,True,5.017683271999999,A,,
16,MAT 2024-2025,নিচের কোনটি নাইট্রোজেনবিহীন পদার্থ?,A,A,False,True,5.783682440999996,A,,
17,MAT 2022-2023,মুখে খাওয়ার পোলিও ভ্যাকসিনটি কোন ধরনের ভ্যাকসিন?,B,B,False,True,9.114631657000018,B,,
18,MAT 2022-2023,নিচের কোনটি ম্যাক্রোফেজের কাজ নয়?,B,B,False,True,6.572655542000007,B,,
19,MAT 2022-2023,অন্তঃশ্বসন-,AB,B,True,False,26.792970604999937,B,,
20,MAT 2022-2023,Mollusca এর ক্ষেত্রে কোনটি সঠিক?,B,B,False,True,13.578958966999949,B,,
21,MAT 2022-2023,গ্লুকাগন-,D,D,False,True,7.374248013999932,D,,
22,MAT 2022-2023,মানবদেহে কোনটি লুপ্তপ্রায় অংগ?,B,B,False,True,17.721392556999945,B,,
23,MAT 2022-2023,কোন উদ্দীপনা অ্যানিমোট্যাক্সিসকে প্রভাবিত করে?,A,A,False,True,6.8348224570002,A,,
24,MAT 2022-2023,মায়োফাইব্রিলে কি ধরনের আমিষ থাকে?,A,A,False,True,4.715168536999954,A,,
25,MAT 2022-2023,অন্ত্রের প্রথম প্রতিরক্ষার স্তর কোনটি?,A,A,False,True,13.921264879000091,A,,
26,MAT 2022-2023,বুকের দুধের কোন উপাদানটি নবজাতকের প্রতিরক্ষায় কার্যকর?,B,B,False,True,6.841045921999921,B,,
27,DAT 2021-2022,নিচের কোন স্তন্যপায়ী প্রাণী ডিম পাড়ে?,C,C,False,True,3.677530435000108,C,,
29,DAT 2021-2022,নিচের চার প্রকোষ্ঠ বিশিষ্ট হৃদপিন্ড কোন প্রাণীতে দেখা যায়?,A,A,False,True,5.414188370999909,A,,
30,DAT 2021-2022,কোন hormone পাকস্থলির এসিড নিঃসরণ নিয়ন্ত্রণ করে?,D,D,False,True,3.7781494270000167,D,,
31,DAT 2021-2022,কোন কোষ বিভাজন পদ্ধতিতে RBC তৈরি হয়?,B,B,False,True,152.05253390100006,B,,
32,DAT 2021-2022,কোন hormone রক্তে Na+ এবং K+ এর সমতা রক্ষা করে?,C,C,False,True,3.392983157000117,C,,
33,DAT 2021-2022,স্বাভাবিক অবস্থায় হৃদপিন্ডের পেসমেকার কোনটি?,B,B,False,True,3.7191413780001312,B,,
34,DAT 2021-2022,নিচের কোন রক্তকণিকাটি স্মৃতিকোষ?,D,D,False,True,5.528846006999856,D,,
35,DAT 2021-2022,যকৃতে অবস্থিত ম্যাক্রোফেজকে কি কোষ বলে?,B,B,False,True,4.088996997000095,B,,
36,DAT 2021-2022,পূর্ণবয়স্ক সুস্থ মানুষের দেহের ওজনের কত শতাংশ রক্ত থাকে?,A,A,False,True,4.477818906000039,A,,
37,MAT 2024-2025,নিচের কোনটিতে হাইড্রার বহিঃকোষীয় পরিপাক সংঘটিত হয়?,C,C,False,True,9.35883309399992,C,,
38,DAT 2021-2022,ব্লাড গ্রুপ AB তে প্লাজমায়-,A,A,False,True,5.922125613000162,A,,
39,DAT 2021-2022,কোনটি প্লাজমা প্রোটিন নয়?,A,A,False,True,3.4672014760001275,A,,
40,DAT 2021-2022,কোন রক্তকণিকা দেহে antibody তৈরি করে?,D,D,False,True,4.275993573000051,D,,
41,DAT 2021-2022,কোনটি Live attenuated ভ্যাক্সিন?,A,A,False,True,8.03728411100019,A,,
42,DAT 2021-2022,আমাদের জাতীয় পাখির বৈজ্ঞানিক নাম কি?,B,B,False,True,5.335772887000076,B,,
43,MAT 2021-2022,মানবদেহের কোন অঙ্গে সবচেয়ে বেশি মাত্রায় রক্ত প্রবাহিত হয়?,C,C,False,True,16.642533080999783,C,,
44,MAT 2021-2022,ক্ষুদ্রান্ত্রের কোন স্তরে গবলেট কোষ থাকে?,B,B,False,True,7.105376319000015,B,,
45,MAT 2021-2022,ভ্রুণ অবস্থায় মাতৃগর্ভে কখন প্রথম হৃদস্পন্দন শুরু হয়?,C,C,False,True,10.765434627000104,C,,
46,MAT 2021-2022,মাতৃদুগ্ধে কোন ধরনের immunoglobulin থাকে?,D,D,False,True,3.957265835000044,D,,
47,MAT 2021-2022,মানুষের হৃদপিন্ডের কোন প্রকোষ্ঠের প্রাচীর সবচেয়ে পুরু?,D,D,False,True,5.093975192000016,D,,
48,MAT 2021-2022,প্রজাপতি' এর প্রতিসাম্যতা কোন ধরনের?,C,C,False,True,4.718597935000162,C,,
49,MAT 2021-2022,ঘাসফড়িং এর কোন গ্রন্থি থেকে জুভেনাইল হরমোন ক্ষরিত হয়?,D,D,False,True,5.824278481999954,D,,
50,MAT 2021-2022,রক্তে অক্সিজেনের মাত্রা (O₂ saturation) ও হৃদস্পন্দন পরিমাপক যন্ত্রের নাম হল-,A,A,False,True,4.344356974999982,A,,
51,MAT 2021-2022,কেঁচো কোন অঙ্গের মাধ্যমে শ্বাসপ্রশ্বাস নেয়?,C,C,False,True,3.558437591000029,C,,
52,MAT 2021-2022,কোন এনজাইম লালা গ্রন্থিতে পাওয়া যায়?,D,BD,False,False,16.711066856000116,"B, D",,
53,MAT 2021-2022,"কোন রক্ত কনিকা ""cell-mediated immunity” এর সাথে সম্পৃক্ত?",B,B,False,True,4.320844503999979,B,,
54,MAT 2021-2022,কোনটি autosomal recessive disorder?,A,A,False,True,9.533074090000127,A,,
55,MAT 2021-2022,কোন এনজাইম আমিষ পরিপাকে সাহায্য করে?,B,B,False,True,3.84355285200013,B,,
56,MAT 2021-2022,কোন পদ্ধতিতে কোভিড ১৯ ভ্যাক্সিন প্রস্তুত করা হয় না?,D,D,False,True,5.622396926999954,D,,
57,MAT 2020-2021,কোনটি ভাইরাস বৃদ্ধিতে বাঁধা দেয়?,A,A,False,True,7.010181697000007,A,,
58,MAT 2020-2021,Alveolus থেকে অক্সিজেন রক্তে কিভাবে প্রবেশ করে?,D,D,False,True,4.442860702999951,D,,
59,MAT 2020-2021,কোনটি Exocrine গ্রন্থি নয়?,A,A,False,True,6.214261399000179,A,,
60,MAT 2020-2021,কোনটি হাড়ের সাথে পেশি সংযুক্ত করে?,D,D,False,True,2.721100504000105,D,,
61,MAT 2020-2021,মানবদেহের রক্তে কোন বাফার দ্রবণ (buffer solution) থাকে?,A,A,False,True,7.96718372600003,A,,
62,MAT 2020-2021,কোনটি আমিষ পরিপাককারী (digesting) এনজাইম?,B,B,False,True,4.47258481599988,B,,60.0
63,MAT 2020-2021,নেমাটোসিস্টের (Nematocyst) ভিতরে বিষাক্ত তরল পদার্থের নাম কী?,A,A,False,True,6.891698978000022,A,,61.0
64,MAT 2020-2021,ঘাসফড়িং এর রক্ত কণিকার নাম কী?,D,D,False,True,4.382683929999985,D,,62.0
65,MAT 2020-2021,ক্ষুদ্রান্ত্রের কোন স্তরে পানপাত্র সেল (Goblet cell) পাওয়া যায়?,C,C,False,True,5.335339672000146,C,,63.0
66,MAT 2020-2021,মাথার খুলিতে কয়টি হাড় রয়েছে?,C,C,False,True,7.6310991740001555,C,,64.0
67,MAT 2020-2021,কোনটি attenuated টিকা?,B,B,False,True,4.531558851,B,,65.0
68,MAT 2020-2021,কোন কোষ ম্যাক্রোফেজে (macrophages) রূপান্তরিত হয়?,B,B,False,True,4.15693842099995,B,,66.0
69,MAT 2020-2021,কোন পদ্ধতিতে Hydra লম্বা দূরত্ব অতিক্রম করে?,B,C,False,False,13.6032934819998,C,,67.0
70,MAT 2020-2021,কোষের কোথায় ক্রেবস চক্র (Krebs cycle) সংঘটিত হয়?,C,C,False,True,3.608327273999976,C,,68.0
71,MAT 2020-2021,কোন এনজাইম অগ্ন্যাশয়ে নাই?,A,A,False,True,56.49766280799986,A,,69.0
72,MAT 2020-2021,ভ্রূণে লোহিত কণিকাসমূহ নিম্নের কোথায় তৈরি হয়?,AC,C,True,False,16.41563483999994,C,,70.0
73,MAT 2020-2021,প্রাণিজগতের বৃহত্তম Phylum কোনটি?,A,A,False,True,2.637193962000083,A,,71.0
74,MAT 2020-2021,লিভারের কোন লোবটি পিত্তথলির সাথে সংযুক্ত থাকে?,A,A,False,True,19.98161440800004,A,,72.0
75,MAT 2020-2021,মানুষের সোমাটিক কোষে কয়টি অটোসোম থাকে?,C,C,False,True,5.188509309999972,C,,73.0
76,MAT 2020-2021,গ্রোথ হরমোন কোথায় তৈরি হয়?,D,D,False,True,4.682060942999897,D,,74.0
77,MAT 2020-2021,Golgi complex কোনটি সংশ্লেষ (synthesis) করে না?,B,B,False,True,19.55297736499984,B,,75.0
78,AFMC 2019-2020,পেসমেকারে কোন ব্যাটারি ব্যবহৃত হয়?,A,A,False,True,4.021865774000162,A,,76.0
79,AFMC 2019-2020,দ্বিপদ নামকরণের জনক কে?,A,A,False,True,4.354851241999995,A,,77.0
80,AFMC 2019-2020,অন্তঃশ্বসন প্রধানত কোষের কোথায় সংঘটিত হয়?,B,B,False,True,4.490893901000163,B,,78.0
81,AFMC 2019-2020,নিচের কোনটি হিমোসিলোমেট?,C,C,False,True,6.337640384999986,C,,79.0
82,AFMC 2019-2020,কোনটির 6 টি কোডন আছে?,A,A,False,True,11.259749478000003,A,,80.0
83,AFMC 2019-2020,অত্যাবশ্যকীয় অ্যামিনো এসিড নয় কোনটি?,C,D,False,False,5.315609962000053,D,,81.0
84,AFMC 2019-2020,ইনসুলিন কোথা থেকে নিঃসৃত হয়?,A,A,False,True,4.733929559999979,A,,82.0
85,AFMC 2019-2020,মৎস্যখনি বলা হয়?,B,B,False,True,9.206024276000107,B,,83.0
86,AFMC 2019-2020,অ্যাপেন্ডিক্স কোথায় থাকে?,B,B,False,True,5.024531689000014,B,,84.0
87,AFMC 2019-2020,পিত্তথলি কোথায় উন্মুক্ত হয়?,C,C,False,True,9.450690433999853,C,,85.0
88,AFMC 2019-2020,কত BMI কে স্বাভাবিক ওজন হিসেবে ধরা হয়?,C,C,False,True,4.545502373999852,C,,86.0
89,AFMC 2019-2020,লোহিত রক্তকণিকার সাথে সম্পৃক্ত নয় কোনটি?,C,C,False,True,4.958034463999866,C,,87.0
90,AFMC 2019-2020,কোনটি O₂ যুক্ত রক্ত পরিবহন করে?,A,AC,False,False,11.554492046000178,"A,C",,88.0
91,AFMC 2019-2020,কোনটি লালাগ্রন্থি নয়?,D,D,False,True,6.027088125999853,D,,89.0
92,AFMC 2019-2020,স্বরযন্ত্রের তরুণাস্থি নয় কোনটি?,A,A,False,True,7.745780597000021,A,,90.0
93,AFMC 2019-2020,শ্রোণী অস্থি নয় কোনটি?,D,D,False,True,4.215327514999899,D,,91.0
94,AFMC 2019-2020,দেহের ভারসাম্য রক্ষা করে কোনটি?,B,B,False,True,3.785232103999988,B,,92.0
95,AFMC 2019-2020,বয়ঃসন্ধিকালে জরায়ু বৃদ্ধি নিয়ন্ত্রণে ভূমিকা নেই কার?,D,C,False,False,88.23015462499984,C,,93.0
96,AFMC 2019-2020,গ্রন্থিরাজ বলা হয় কোনটিকে?,C,C,False,True,4.08371221099992,C,,94.0
97,AFMC 2019-2020,মানবদেহে কোন ইউমিউনোগ্লোবিউলিন অনুপস্থিত?,A,A,False,True,4.621611133999977,A,,95.0
98,AFMC 2019-2020,সেক্স লিঙ্কড জিন নয় কোনটি?,B,B,False,True,16.960363485000016,B,,96.0
99,AFMC 2019-2020,রক্ত জমাট বাধার ফ্যাক্টর নয় কোনটি?,C,C,False,True,21.56337228200005,C,,97.0
100,AFMC 2018-2019,নিচের কোন প্রাণীটি ত্রিস্তরী?,B,B,False,True,6.561158372999898,B,,98.0
101,AFMC 2018-2019,রক্তে গ্লুকোজের মাত্রা নিয়ন্ত্রণে কোন সংবহনতন্ত্রের ভূমিকা রয়েছে?,C,C,False,True,6.128726871000026,C,,99.0
102,AFMC 2018-2019,মূত্রে অস্বাভাবিক হারে অ্যালবুমিন নির্গত হওয়াকে কী বলে?,B,B,False,True,13.348929759000155,B,,100.0
103,AFMC 2018-2019,কোনটি মুখমন্ডলের অস্থি নয়?,D,D,False,True,11.796053153999992,D,,101.0
104,AFMC 2018-2019,উদরীয় টনসিল নামে পরিচিত কোনটি?,A,A,False,True,7.263987431999794,A,,102.0
105,AFMC 2018-2019,পরিপাক সংবহনের কাজ দুটি সম্পাদন করে-,C,C,False,True,6.559877677000031,C,,103.0
106,AFMC 2018-2019,নাইট্রোজেন সংবন্ধন করে নিচের কোনটি?,D,D,False,True,54.57313613400015,D,,104.0
107,AFMC 2018-2019,কোনটি বহুরূপী ব্যাকটেরিয়া?,C,C,False,True,9.99361345300008,C,,105.0
108,AFMC 2018-2019,রুই মাছের আঁশের বৃদ্ধি কোন সময়ে বেশি হয়?,A,D,False,False,15.145575045999976,D,,106.0
109,AFMC 2018-2019,কোন গ্রন্থির ক্ষরণকাল আজীবন নয়?,C,C,False,True,4.213728383999978,C,,107.0
110,AFMC 2018-2019,প্রতিবর্তী ক্রিয়া নিয়ন্ত্রিত হয় কোন অঙ্গ দ্বারা?,D,D,False,True,4.890783309999961,D,,108.0
111,AFMC 2018-2019,রেচনতন্ত্র শিখাকোষ নিয়ে গঠিত কোন পর্বের প্রাণীর?,B,B,False,True,5.192113967000068,B,,109.0
112,AFMC 2018-2019,নিচের কোনটি শ্বাসরঞ্জক নয়?,C,C,False,True,10.51394846900007,C,,110.0
113,AFMC 2018-2019,Erythoprotein কোথায় তৈরি হয়?,B,B,False,True,5.07317936000004,B,,111.0
114,AFMC 2018-2019,এন্টিবডির গড়ন দেখতে কোন প্রকৃতির?,D,D,False,True,3.551850088000037,D,,112.0
115,MAT 2023-2024,কোন এনজাইম ব্যাকটেরিয়া ধ্বংস করে?,D,D,False,True,4.0408964579999065,D,,113.0
116,MAT 2023-2024,হিমোগ্লোবিনের কোন অংশে CO₂ যুক্ত হয়?,D,D,False,True,5.5108918710000125,D,,114.0
117,MAT 2023-2024,সরিসৃপের যুগ কোনটি?,C,C,False,True,4.453719759000023,C,,115.0
118,MAT 2023-2024,কোন প্রাণীর ক্ষেত্রে পুরুষ অপেক্ষা স্ত্রীতে একটি ক্রোমোজোম বেশী থাকে?,C,C,False,True,6.37972278999996,C,,116.0
119,MAT 2023-2024,সবচেয়ে বেশি খাদ্যসার শ্যোবত হয়-,C,C,False,True,8.792431467999904,C,,117.0
120,MAT 2023-2024,নিচের কোন কোষ যেকোনো ধরনের কোষে পরিণত হতে পারে?,B,B,False,True,6.119467308999901,B,,118.0
121,MAT 2023-2024,প্লাজমার কোন উপাদান রক্তক্ষরণ বন্ধে সহায়তা করে?,C,C,False,True,3.999414526999999,C,,119.0
122,MAT 2023-2024,বর্ণান্ধ বাবা ও স্বাভাবিক দৃষ্টির মায়ের (বাহক নয়) কন্যা সন্তানের স্বাভাবিক দৃষ্টির সম্ভাব্য হার কত?,D,D,False,True,19.7258793059998,D,,120.0
123,MAT 2023-2024,রাইবোজ-,A,A,False,True,11.842411908000033,A,,121.0
124,MAT 2023-2024,নিচের কোনটি লাইসোসোম (Lysosome) এর বৈশিষ্ট্য?,D,D,False,True,16.83980992199986,D,,122.0
125,MAT 2023-2024,কোন পর্বের প্রাণীতে র ্যাবডিটিফর্ম লার্ভা দশা দেখা যায়?,A,A,False,True,7.325035912999965,A,,123.0
126,MAT 2023-2024,নিচের কোনটিতে অরীয় প্রতিসাম্য দেখা যায়?,B,B,False,True,5.235621503000175,B,,124.0
127,AFMC 2017-2018,মুখমন্ডলীয় অস্থিতে প্যালেটিন এর সংখ্যা কত?,B,B,False,True,6.226788997999847,B,,125.0
128,AFMC 2017-2018,রেটিনার কোন ধরনের কোষ থেকে অপটিক স্নায়ু তৈরী হয়?,D,D,False,True,5.781485915000076,D,,126.0
129,AFMC 2017-2018,নিচের কোন দুইটি অস্থি । আকৃতির?,B,A,False,False,93.9739693460001,A,,127.0
130,AFMC 2017-2018,হাইড্রা সামারসল্টিং চলনে একবার চললে কয়টি লুপ তৈরী করে?,D,B,False,False,18.93921689700005,B,,128.0
131,AFMC 2017-2018,অগ্রবক্ষের বড় এবং চওড়া অংশের নাম কি?,C,C,False,True,13.137841712999943,C,,129.0
132,AFMC 2017-2018,রুই মাছের ক্ষেত্রে নিচের কোনটি সঠিক নয়?,D,D,False,True,94.22061136300022,D,,130.0
133,AFMC 2017-2018,পোডোসাইট কোথায় পাওয়া যায়?,C,C,False,True,4.129532537000159,C,,131.0
134,AFMC 2017-2018,হাইড্রার দেহের Life Playing Guest বলা হয় কাকে?,A,A,False,True,10.221117520000009,A,,132.0
135,AFMC 2017-2018,কোনটির অভাবে টিটেনি হয়?,A,A,False,True,6.526357899999994,A,,133.0
136,AFMC 2017-2018,ইঁদুর এর ক্ষেত্রে কোনটি ফিনাইল এলানিন কোড করে?,C,C,False,True,4.748853236999821,C,,134.0
137,AFMC 2017-2018,Tidal Volume এর মান কত?,A,A,False,True,5.513538669000127,A,,135.0
138,AFMC 2017-2018,New Born Baby এর ক্ষেত্রে প্রতি মিনিটে হৃদস্পন্দন হার কত?,D,A,False,False,13.091987501999938,A,,136.0
139,AFMC 2017-2018,সুপারফিশিয়াল কটিক্যাল নেফ্রন কত শতাংশ?,A,A,False,True,10.42377861,A,,137.0
140,AFMC 2017-2018,ক্ল্যাভিকল অ্যারোমিয়াল প্রান্ত দিয়ে কার সাথে যুক্ত হয়?,B,B,False,True,5.39261979600019,B,,138.0
141,AFMC 2017-2018,নিম্নের কোনটি ভ্রূণের এক্টোডার্ম থেকে তৈরি হয়?,C,C,False,True,4.167946986000061,C,,139.0
142,AFMC 2017-2018,এনজাইনার ব্যাথা কতক্ষণ স্থায়ী হয়?,B,B,False,True,53.00264018799999,B,,140.0
143,AFMC 2017-2018,ক্লোরোকুইন ওষুধ কোথায় শোষিত হয়?,B,B,False,True,8.142433323000205,B,,141.0
144,AFMC 2017-2018,শ্বাসনালি কোন ধরনের তরুনাস্থি নির্মিত?,B,B,False,True,5.233061436999833,B,,142.0
145,DAT 2024-2025,মানবদেহের দীর্ঘতম কোষ কোনটি?,C,C,False,True,6.287989488000221,C,,143.0
146,DAT 2024-2025,কোন ভিটামিন কোলেস্টেরল থেকে উৎপন্ন হয়?,D,D,False,True,5.2081814010002745,D,,144.0
147,DAT 2024-2025,প্রাণীর নখে কোন ধরনের প্রোটিন থাকে?,B,B,False,True,3.763589910000064,B,,145.0
148,DAT 2024-2025,কোন ব্যাকটেরিয়া ভিটামিন উৎপন্ন করে?,D,D,False,True,7.355088568000156,D,,146.0
149,DAT 2024-2025,05. দেহের জন্যে ভালো কোলোস্টেরল কোনটি?,A,A,False,True,3.578033909000169,A,,147.0
150,DAT 2024-2025,মানবদেহের সুনির্দিষ্ট প্রতিরক্ষায় তৃতীয় জ্বরে কাজ করে কোনটি?,B,B,False,True,9.851161235999824,B,,148.0
151,DAT 2024-2025,কোন লালাগ্রন্থির ভাইরাসজনিত সংক্রমণকে মাম্পস বলে?,C,C,False,True,3.728457348999655,C,,149.0
152,DAT 2024-2025,মেরুদন্ডের কোন অংশে সবচেয়ে বেশি কশেরুকা থাকে?,D,D,False,True,5.755697091000002,D,,150.0
153,DAT 2024-2025,ট্রিপসিন জারকের জন্যে সঠিক কোনটি?,A,A,False,True,7.541606178000165,A,,151.0
154,DAT 2024-2025,পূর্ণবয়স্ক সুস্থ মানুষের দু'টি ফুসফুসে আলভিওলাসের সংখ্যা কত?,D,C,False,False,13.69728747499994,C,,152.0
155,DAT 2024-2025,নিচের কোনটিতে রেনাল পোর্টাল সিস্টেম উন্নত ধরণের?,B,B,False,True,24.316365423000207,B,,153.0
156,DAT 2024-2025,মানবদেহের সবচেয়ে ছোট অস্থি কোনটি?,C,C,False,True,3.4911288489997787,C,,154.0
157,DAT 2024-2025,মানবদেহে অক্সিজেন পরিবহনে কোনটি সঠিক?,B,B,False,True,13.730204226999833,B,,155.0
158,DAT 2024-2025,কোন রক্তকণিকা হিস্টামিন নিঃসরণ করে?,A,A,False,True,4.008161083000232,A,,156.0
159,DAT 2024-2025,রক্ততঞ্চনের কোন ফ্যাক্টরকে স্ট্যাবল ফ্যাক্টর বলে?,B,B,False,True,8.062281904999963,B,,157.0
160,DAT 2024-2025,করোনারী হৃদরোগ নির্ণয়ে প্রথম পরীক্ষা কোনটি?,C,C,False,True,8.203208497000105,C,,158.0
161,DAT 2024-2025,বি এম আই (BMI) 37 kg/m² হলে তা স্থূলতার কোন স্তর?,B,B,False,True,6.022176456000125,B,,159.0
162,DAT 2024-2025,এপিগ্লটিসে কোন ধরনের তরুণাস্থি থাকে?,D,D,False,True,10.724417053999789,D,,160.0
163,DAT 2024-2025,মানবদেহে খনিজ লবণ (mineral) এর কাজ কি?,C,C,False,True,8.891765759999998,C,,161.0
164,DAT 2024-2025,একজন প্রাপ্তবয়স্ক মানুষের উপরের পাটির দন্ত-সংকেত কোনটি?,D,D,False,True,11.50585847299999,D,,162.0
165,DAT 2024-2025,মানুষের হৃৎপিন্ডের বৈশিষ্ট্য কোনটি?,B,B,False,True,13.654014031000315,B,,163.0
166,DAT 2024-2025,"মানুষ সর্বভুক প্রাণি। কারণ, মানুষের-",A,A,False,True,14.464473897000062,A,,164.0
167,DAT 2024-2025,লসিকার (lymph) বৈশিষ্ট্য কোনটি?,D,D,False,True,9.028938279000158,D,,165.0
168,DAT 2024-2025,নিঃশ্বাস প্রক্রিয়ায় কোনটি সঠিক?,B,B,False,True,97.98603489599964,B,,166.0
169,DAT 2024-2025,মানুষের দাঁত কোন ধরণের?,C,C,False,True,6.891316896000262,C,,167.0
170,DAT 2024-2025,কোন গ্রন্থি আমিষ শোষণ নিয়ন্ত্রণ করে?,D,B,False,False,14.671329040999808,B,,168.0
171,DAT 2024-2025,খাদ্যের ব্যাকটেরিয়া ধ্বংস করে দাঁতকে রক্ষা করে কোনটি?,D,D,False,True,4.346930804999829,D,,169.0
172,DAT 2024-2025,ধমনি বিষয়ে কোনটি সঠিক?,D,D,False,True,11.362898950000272,D,,170.0
173,AFMC 2021-2022,নিচের কোনটি সেক্স লিংকড (Sex-linked) রোগ নয়?,D,D,False,True,8.167792502999873,D,,171.0
174,AFMC 2021-2022,নিচের কোন প্রক্রিয়াটি কোষের জেনেটিক্যালি নিয়ন্ত্রিত মৃত্যু?,B,B,False,True,3.0872881529999177,B,,172.0
175,AFMC 2021-2022,জিহ্বার কোন অংশে লবণাক্ত স্বাদ অনুভূত হয়?,D,D,False,True,14.921664413000144,D,,173.0
176,AFMC 2021-2022,"চিকিৎসা বিদ্যার কোন শাখায় স্থূলতার কারণ, প্রতিরোধ ও চিকিৎসা সম্বন্ধে আলোচনা করা হয়?",C,C,False,True,5.032343417999982,C,,174.0
177,AFMC 2021-2022,নিচের কোনটি হ্যাগফিশ (Hagfish) নামে পরিচিত?,C,C,False,True,5.019661433000238,C,,175.0
178,AFMC 2021-2022,"চিকিৎসা বিদ্যার কোন শাখায় স্থূলতার কারণ, প্রতিরোধ ও চিকিৎসা সম্বন্ধে আলোচনা করা হয়?",C,C,False,True,4.040442672000154,C,,176.0
179,AFMC 2021-2022,নিচের কোনটি মেগাক্যারিওসাইট (Megakaryocytes) থেকে উৎপত্তি লাভ করে?,C,C,False,True,4.1542183020001175,C,,177.0
180,AFMC 2021-2022,গলগণ্ড রোগ হয় কোনটির অভাবে?,C,C,False,True,2.6243249689996446,C,,178.0
181,AFMC 2021-2022,একটি জিন অন্য জিনের কার্যকারিতা প্রকাশে বাধা দেয়ার প্রক্রিয়াকে কি বলে?,D,D,False,True,8.862056119000044,D,,179.0
182,AFMC 2021-2022,কোন প্রানির হৃৎপিন্ডকে ভেনাস হার্ট বলে?,C,C,False,True,8.453661976999683,C,,180.0
183,AFMC 2021-2022,কোন ভিটামিন কোলেস্টেরল থেকে উৎপন্ন হয়?,A,A,False,True,4.386192280000159,A,,181.0
184,AFMC 2021-2022,নিচের কোনটি সঠিক-,C,C,False,True,6.782506349999949,C,,182.0
185,AFMC 2021-2022,এক জোড়া ক্রোমোসোম এক সাথে অবস্থান করলে তাকে কি বলে?,B,A,False,False,6.148182859000372,A,,183.0
186,AFMC 2021-2022,কোন অঙ্গাণু তে নিজস্ব ডিএনএ পাওয়া যায়?,B,B,False,True,12.618898155999888,B,,184.0
187,AFMC 2021-2022,মাইটোসিস কোষ বিভাজনের কোন ক্ষেত্রে মেটাকাইনেসিস (Metakinesis) সংঘটিত হয়?,D,D,False,True,23.15378147299998,D,,185.0
188,AFMC 2021-2022,কোন প্রক্রিয়ায় RNA হতে DNA তৈরি হয়?,A,A,False,True,3.808491874000083,A,,186.0
189,AFMC 2021-2022,মানব শরীরে কোন লিপিড (Lipid) টি সবচেয়ে বেশী থাকে?,B,A,False,False,7.493680555000083,A,,187.0
190,AFMC 2021-2022,লার্ভা (Larva) কে সচারচর কোন নামে ডাকা হয়?,A,A,False,True,17.62603658199987,A,,188.0
191,AFMC 2021-2022,নিচের কোন এনজাইমটি পিত্তরস (Bile) এ থাকে?,C,C,False,True,4.798123638000106,C,,189.0
192,AFMC 2021-2022,নিচের কোনটি সাগর ফোয়ারা (Sea squirt) নামে পরিচিত?,D,D,False,True,4.998122482999861,D,,190.0
193,AFMC 2021-2022,নিচের কোনটি চর্বিতে দ্রবণীয় ভিটামিন নয়?,D,D,False,True,3.9751991039997847,D,,191.0
194,AFMC 2021-2022,নিচের কোনটি পাকস্থলীর প্যারাইটাল সেল থেকে নিঃসৃত হয়?,B,D,False,False,6.072585620000154,D,,192.0
195,AFMC 2021-2022,নিচের কোন প্লাজমা প্রোটিন (Plasma protein) টি লিভারে তৈরী হয় না?,B,B,False,True,5.124669328999971,B,,193.0
196,AFMC 2021-2022,নিচের কোন ভিটামিন মানব দেহে তৈরী হয়?,D,B,False,False,12.177300662999642,B,,194.0
197,AFMC 2021-2022,প্যানক্রিয়াসের আইলেটস অব ল্যাঙ্গার হ্যান্স এর কোন কোষ (Cells) থেকে ইনসুলিন নিঃসৃত হয়?,D,D,False,True,6.848561952999717,D,,195.0
198,AFMC 2021-2022,এমআরআই (MRI) এর অর্থ কি?,D,D,False,True,2.898924083000111,D,,196.0
199,AFMC 2021-2022,নিচের কোনটি যকৃতের সবচেয়ে বড় খন্ড (Lobe)?,D,D,False,True,4.476302152999779,D,,197.0
200,AFMC 2021-2022,প্রাণিজগতের ক্ষুদ্রতম পর্ব (Phylum) কোনটি?,C,C,False,True,4.567466593000063,C,,198.0
201,AFMC 2021-2022,আবরণী কলার নিচের কোনটি নড়াচড়ার কাজে ব্যবহৃত হয়?,D,D,False,True,7.240994475000207,D,,199.0
202,AFMC 2021-2022,শ্বসনতন্ত্রের উৎপত্তি কোথা থেকে হয়?,A,A,False,True,8.62554905800016,A,,200.0
203,AFMC 2021-2022,সিক্রেটিন নিঃসৃত হয় কোথায় থেকে?,A,A,False,True,4.328442488999826,A,,201.0
204,AFMC 2021-2022,রক্তের pH কত?,B,B,False,True,3.3015531949999968,B,,202.0
205,AFMC 2016-2017,হাইড্রার চলন নয় কোনটি?,C,C,False,True,25.699902139000187,C,,203.0
206,AFMC 2016-2017,কম্বোজ প্রাণি কোনটি?,C,,False,False,174.99921171100004,,request_error:,204.0
207,AFMC 2016-2017,রেচনতন্ত্র শিখা কোষ দিয়ে কোনটি গঠিত?,C,C,False,True,22.120295431999693,C,,205.0
208,AFMC 2016-2017,নিডোব্লাস্টের কাজ নয় কোনটি?,C,C,False,True,10.477060060999976,C,,206.0
209,AFMC 2016-2017,ঘাস ফড়িং এর শ্রেণি বিন্যাস নয় কোনটি?,C,C,False,True,14.44710452399977,C,,207.0
210,AFMC 2016-2017,যকৃতের আবরণ কোনটি?,C,C,False,True,4.42359526700011,C,,208.0
211,AFMC 2016-2017,কোনটি ওজন বাড়ায় না?,B,B,False,True,13.16367303700008,B,,209.0
212,AFMC 2016-2017,ফাইব্রিন জালক সৃষ্টি করে কত নং ফ্যাক্টর?,A,A,False,True,6.647615962000145,A,,210.0
213,AFMC 2016-2017,ম্যক্রোলেসিথাল কার ডিম্বাণু?,A,A,False,True,8.298883226999806,A,,211.0
214,AFMC 2016-2017,কোন পর্বের প্রাণিদের Plannula লার্ভা দশা রয়েছে?,B,B,False,True,4.094644457999948,B,,212.0
215,AFMC 2016-2017,মানবদেহে বৃক্কের মাধ্যমে প্রতি মিনিটে কী পরিমাণ রক্ত প্রবাহিত হয়?,D,D,False,True,14.033284866000033,D,,213.0
217,AFMC 2016-2017,আইলেটস অব ল্যাঙ্গারহ্যানস এর কোষ নয় কোনটি?,D,D,False,True,8.09625545200015,D,,214.0
218,AFMC 2016-2017,নিচের কোন কোষ এন্টিবডি তৈরি করে?,C,C,False,True,5.324725656999817,C,,215.0
219,AFMC 2016-2017,পৌষ্টিক নালির প্রাচীরে বিকশিত লসিকা নালিদের কি বলে?,C,C,False,True,8.879117428999962,C,,216.0
220,AFMC 2016-2017,শ্বাসনালি কোন ধরনের তরুনাস্থি নির্মিত?,B,B,False,True,5.495524560999911,B,,217.0
221,MAT 2019-2020,কোনটি ভাইরাস বৃদ্ধিতে বাঁধা দেয়?,A,A,False,True,7.003860813000301,A,,218.0
222,MAT 2019-2020,Alveolus থেকে অক্সিজেন রক্তে কিভাবে প্রবেশ করে?,D,D,False,True,4.549729781000224,D,,219.0
223,MAT 2019-2020,কোনটি Exocrine গ্রন্থি নয়?,A,A,False,True,5.63653126600002,A,,220.0
224,MAT 2019-2020,কোনটি হাড়ের সাথে পেশি সংযুক্ত করে?,D,D,False,True,2.750959350000357,D,,221.0
225,MAT 2019-2020,মানবদেহের রক্তে কোন বাফার দ্রবণ (buffer solution) থাকে?,A,A,False,True,7.590943168999729,A,,222.0
226,MAT 2019-2020,কোনটি আমিষ পরিপাককারী (digesting) এনজাইম?,B,B,False,True,3.1591079800000443,B,,223.0
227,MAT 2019-2020,নেমাটোসিস্টের (Nematocyst) ভিতরে বিষাক্ত তরুণ পদার্থের নাম কী?,A,A,False,True,5.460886351000227,A,,224.0
228,MAT 2019-2020,ঘাসফড়িং এর রক্ত কণিকার নাম কী?,D,D,False,True,4.127166233000025,D,,225.0
229,MAT 2019-2020,ক্ষুদ্রান্ত্রের কোন জ্বরে পানপাত্র সেল (Goblet cell) পাওয়া যায়?,C,C,False,True,6.446372043999872,C,,226.0
230,MAT 2019-2020,মাথার খুলিতে কয়টি হাড় রয়েছে?,C,C,False,True,10.318569754000237,C,,227.0
231,MAT 2019-2020,কোন কোষ ম্যাক্রোফেজে (macrophages) রূপান্তরিত হয়?,B,B,False,True,4.1065564629998335,B,,228.0
232,MAT 2019-2020,কোনটি attenuated টিকা?,B,B,False,True,4.267566042999988,B,,229.0
233,MAT 2019-2020,কোন পদ্ধতিতে Hydra লম্বা দূরত্ব আক্রম করে?,B,C,False,False,17.71862047500008,C,,230.0
234,MAT 2019-2020,কোষের কোথায় ক্রেবস চক্র (Krebs cycle) সংঘটিত হয়?,C,C,False,True,3.8409962149999046,C,,231.0
235,MAT 2019-2020,কোন এনজাইম অগ্ন্যাশয়ে নাই?,A,AB,False,False,29.748187444,"A, B",,232.0
236,MAT 2019-2020,প্রাণিজগতের বৃহত্তম Phylum কোনটি?,A,A,False,True,3.2039996419998715,A,,233.0
237,MAT 2019-2020,লিভারের কোন লোবটি পিত্তথলির সাথে সংযুক্ত থাকে?,A,A,False,True,16.369792922000215,A,,234.0
238,MAT 2019-2020,গ্রোথ হরমোন কোথায় তৈরি হয়?,D,D,False,True,4.2806797249995725,D,,235.0
239,MAT 2019-2020,Golgi complex কোনটি সংশ্লেষ (synthesis) করে না?,B,B,False,True,21.64598170799991,B,,236.0
240,MAT 2019-2020,ভ্রূণে লোহিত কণিকাসমূহ নিম্নের কোথায় তৈরি হয়?,AC,C,True,False,18.24009261800029,C,,237.0
241,MAT 2019-2020,নিচের কোন গ্রন্থিটি ভিন্ন প্রকৃতির?,C,C,False,True,7.093155752000257,C,,238.0
242,MAT 2019-2020,কবুতর' কোন শ্রেণির প্রাণী?,D,D,False,True,2.79615142800003,D,,239.0
243,MAT 2019-2020,মানবদেহের কোন অঙ্গ ফিব্রিনোজেন তৈরি করে?,C,C,False,True,3.119534046999888,C,,240.0
244,MAT 2019-2020,নিচের কোনটি দ্বিস্তরী?,B,B,False,True,4.789606951999758,B,,241.0
245,MAT 2019-2020,সবচেয়ে বেশি খাদ্যসার শোষণ হয় কোথায়?,A,A,False,True,10.04898977699986,A,,242.0
246,MAT 2019-2020,সর্বজনীন গ্রহীতা Blood group কোনটি?,B,B,False,True,3.616698321000058,B,,243.0
247,MAT 2019-2020,মানবদেহের কোন অঙ্গে সর্বোচ্চ সংখ্যক গবলেট কোষ পাওয়া যায়?,A,A,False,True,8.114185023000118,A,,244.0
248,MAT 2019-2020,হৃৎপিণ্ডে অবস্থিত কোন সংযোগকারী কলা (Junctional tissue) কে পেসমেকার বলা হয়?,D,D,False,True,4.292254877000232,D,,245.0
249,MAT 2019-2020,ঘাসফড়িং এর হেপাটিক সিকা কয়টি?,D,A,False,False,10.671800175000044,A,,246.0
250,MAT 2019-2020,পাকস্থলির কোন কোষ থেকে হাইড্রোক্লোরিক এসিড নিঃসৃত হয়?,A,A,False,True,3.716888566000307,A,,247.0
251,MAT 2019-2020,নিচের কোন অঙ্গ ইরাইস্ট্রোপোয়েটিন (Erythropoietin) উৎপাদন করে?,C,C,False,True,3.04481469700022,C,,248.0
252,MAT 2019-2020,শ্বাসতন্ত্রের কোন অংশে গ্যাসীয় বিনিময় হয়?,B,B,False,True,5.125697005999882,B,,249.0
253,MAT 2019-2020,প্যারাসিমপ্যাথেটিক স্নায়ু নিচের কোন করোটিক স্নায়ুতে পাওয়া যায়?,C,C,False,True,5.1313307699997495,C,,250.0
254,MAT 2019-2020,হাইড্রার কোন অংশে নিডোসাইট কোষ সবচেয়ে বেশি থাকে?,B,B,False,True,6.295657887999823,B,,251.0
255,MAT 2019-2020,নিচের কোনটিতে ঐচ্ছিক পেশি পাওয়া যায়?,C,C,False,True,4.357643059000111,C,,252.0
256,MAT 2019-2020,কোন রক্ত কণিকা অ্যান্টিবডি তৈরি করে?,C,C,False,True,6.987918452000031,C,,253.0
257,MAT 2019-2020,আন্তঃকশেরুকা চাকতিতে কী ধরনের তরুণাস্থি পাওয়া যায়?,C,C,False,True,7.637478808999731,C,,254.0
258,MAT 2019-2020,মাইটোসিসে কোষের ভিতয়ে নিউক্লিয়াসের বিভাজনকে কী বলে?,B,B,False,True,4.050248111000201,B,,255.0
259,MAT 2019-2020,নিচের কোনটি রক্তনালির সংকোচন ঘটিয়ে রক্তপাত হ্রাস করে?,C,C,False,True,7.769746063999719,C,,256.0
260,DAT 2020-2021,নিচের কোন হরমোনটি রক্তে সোডিয়ামের মাত্রা নিয়ন্ত্রণ করে?,B,B,False,True,5.995447666000018,B,,257.0
261,DAT 2020-2021,নিচের কোনটি মিশ্র করোটিক স্নায়ু (Mixed cranial nerve) নয়?,D,D,False,True,6.922301263999998,D,,258.0
262,DAT 2020-2021,কোন প্রক্রিয়ায় নিউক্লিয়াসের বিভাজন ঘটে?,D,D,False,True,3.5054324329998963,D,,259.0
263,DAT 2020-2021,নিচের কোনটি খাদ্য গিলে ফেলার সময় স্বরযন্ত্র (Larynx) এর ছিদ্র বন্ধ করে?,C,C,False,True,5.130184948000078,C,,260.0
264,DAT 2020-2021,কোন ধমনি রুই মাছের বক্ষ পাখনাকে (pectoral fin) রক্ত সরবরাহ করে?,D,D,False,True,10.955499537000378,D,,261.0
265,DAT 2020-2021,ঘাসফড়িং-এর স্পাইরাকল কে ঘিরে রাখে কোনটি?,A,A,False,True,6.392772664999939,A,,262.0
266,DAT 2020-2021,মানুষের ক্ষেত্রে নিচের কোনটি এক্টোডার্ম (Ectoderm) থেকে গঠিত হয়?,B,B,False,True,7.569500669999797,B,,263.0
267,DAT 2020-2021,নিচের কোন হরমোনটি ডিম্বাশয়ের কর্পাস লুটিয়াম থেকে নিঃসৃত হয়?,D,D,False,True,4.601161419000164,D,,264.0
268,DAT 2020-2021,নিচের কোন গ্রন্থির নালি দ্বিতীয় ঊর্ধ্ব মোলার দাঁতের মুখগহ্বরে উন্মুক্ত হয়?,D,D,False,True,5.8841806010000255,D,,265.0
269,DAT 2020-2021,কোষের কোন অঙ্গাণু অটোফ্যাগিতে জড়িত?,C,C,False,True,4.208405492000111,C,,266.0
270,DAT 2020-2021,কোনটি কিডনীর কাজ নয়?,D,D,False,True,5.058212806000029,D,,267.0
271,DAT 2020-2021,মানুষের মুখমণ্ডলে কতগুলো অস্থি আছে?,C,C,False,True,6.120668579000267,C,,268.0
272,DAT 2020-2021,রক্ত জমাট বাঁধতে নিচের কোন ধাতব আয়নটি অংশগ্রহণ করে?,D,D,False,True,3.123157844999696,D,,269.0
273,DAT 2020-2021,ক্রোমাটোগ্রাফির (Chromatography) কয়টি পর্যায় (Phase) আছে?,A,A,False,True,3.264247405999868,A,,270.0
274,DAT 2020-2021,নিচের কোনটি পিত্তরসের উপাদান নয়?,C,C,False,True,5.288551274999918,C,,271.0
275,DAT 2020-2021,নিচের কোনটি পশ্চাৎ মস্তিষ্কের (Hindbrain) অংশ নয়?,B,B,False,True,6.261553422999896,B,,272.0
276,DAT 2020-2021,কোনটি চোখে প্রতিসারক মাধ্যম হিসাবে কাজ করে না?,C,C,False,True,5.380999082000017,C,,273.0
277,DAT 2020-2021,নিচের কোন হরমোনটি পাকস্থলির HCI নিঃসরণ নিয়ন্ত্রণ করে?,A,A,False,True,9.895733478000238,A,,274.0
278,DAT 2020-2021,নিচের কোন স্তন্যপায়ী প্রাণির (Mammals) দুগ্ধে ল্যাকটোজ সবচেয়ে বেশি থাকে?,A,A,False,True,5.282270567000069,A,,275.0
279,DAT 2020-2021,নিচের কোনটি বহিঃক্ষরা (Exocrine) গ্রন্থি নয়?,C,C,False,True,4.427349023000261,C,,276.0
280,DAT 2020-2021,নিচের কোনটি টক্সোয়েড ভ্যাকসিন?,C,C,False,True,5.144574259999899,C,,277.0
281,DAT 2020-2021,কী ধরনের এপিথেলিয়াম বোম্যান'স ক্যাপসুল গঠন করে?,D,D,False,True,7.206407938999746,D,,278.0
282,DAT 2019-2020,নিচের কোন কোষটি হাইড্রার এপিডার্মিস (Epidermis) এর অংশ নয়?,B,B,False,True,16.162644476999958,B,,279.0
283,DAT 2019-2020,কোনটি খাদ্যমণ্ড (Food bolus) কে মানবদেহের নাসাছিদ্রের (Nasal aperture) পথে প্রবেশে বাধা দেয়?,B,B,False,True,13.584596253999734,B,,280.0
284,DAT 2019-2020,নিচের কোনটি ঘাসফড়িং এর পশ্চাৎ-পোষ্টিকনালির অংশ?,C,C,False,True,8.537045902000045,C,,281.0
285,DAT 2019-2020,নিচের কোনটি অ্যান্টিজেন নয়?,D,D,False,True,9.8372442699997,D,,282.0
286,DAT 2019-2020,কোন প্রযুক্তি ইনসুলিন তৈরিতে ব্যবহার করা হয়?,D,D,False,True,7.340429173000302,D,,283.0
287,DAT 2019-2020,নিচের কোন হরমোনটি থাইরয়েড গ্রন্থি থেকে নিঃসৃত হয় না?,C,C,False,True,3.796952154000337,C,,284.0
288,DAT 2019-2020,বৃক্কের গাঠনিক ও কার্ষিক একক কোনটি?,D,D,False,True,4.339012597999954,D,,285.0
289,DAT 2019-2020,নিচের কোনটি মারসুপিয়াল স্তন্যপায়ী প্রাণী?,A,A,False,True,2.9240748849997544,A,,286.0
290,DAT 2019-2020,নিচের কোনটি ভাইরাসকে নিষ্ক্রিয় করতে পারে?,B,B,False,True,3.203364939000039,B,,287.0
291,DAT 2019-2020,নিচের কোন গ্রন্থিটি ক্যালসিয়াম বিপাকে সহায়তা করে?,A,A,False,True,3.4700110869998757,A,,288.0
292,DAT 2019-2020,মাতৃদুগ্ধে কোন অ্যান্টিবডি (Antibody) পাওয়া যায়?,C,C,False,True,4.179887952999707,C,,289.0
293,DAT 2019-2020,নিচের কোন এনজাইমটি অগ্ন্যাশয় রসে বিদ্যমান?,D,D,False,True,5.633066848999988,D,,290.0
294,DAT 2019-2020,নিচের কোনটি রক্ত জমাট বাঁধার মূল উপাদান নয়?,D,D,False,True,4.112280465999902,D,,291.0
295,DAT 2019-2020,অন্ত্রের কোন স্তরে গবলেট কোষ (Goblet cell) থাকে?,C,C,False,True,6.427214392000224,C,,292.0
296,AFMC 2015-2016,কোনটি সিক্রেটিন ক্ষরণ করে?,C,C,False,True,4.355262355999912,C,,293.0
297,AFMC 2015-2016,Arthropoda এর বর্গ নয় কোনটি?,D,D,False,True,6.401508281000133,D,,294.0
298,AFMC 2015-2016,কোথায় এনজাইম নেই?,C,C,False,True,3.942012671000157,C,,295.0
299,AFMC 2015-2016,ক্ষুদ্র লসিক নালিকে কি বলে?,C,C,False,True,13.03704200700031,C,,296.0
300,AFMC 2015-2016,হার্ডেরিয়ান গ্রন্থির অবস্থান কোথায়?,A,A,False,True,5.0243945349998285,A,,297.0
301,AFMC 2015-2016,পিটুইটারি গ্রন্থি থেকে কোন হরমোন নিঃসৃত হয়?,C,C,False,True,5.165653870000369,C,,298.0
302,AFMC 2015-2016,শুক্রাণুর অ্যাক্রোসোম তৈরি করে কোনটি?,C,C,False,True,7.343453025000144,C,,299.0
303,AFMC 2015-2016,কোনটি অতি বিপন্ন প্রাণী?,C,B,False,False,14.464757069999903,B,,300.0
304,AFMC 2015-2016,ট্রফোব্লাস্ট থেকে ভিলাই বের হতে থাকে—,C,C,False,True,13.601834726000106,C,,301.0
305,AFMC 2015-2016,অ্যানিমাল পোলের ক্ষেত্রে কোনটি সঠিক?,D,D,False,True,12.129696998999862,D,,302.0
307,AFMC 2015-2016,কোনটি বর্ণ সংবেদী?,C,C,False,True,22.3552993659996,C,,303.0
308,AFMC 2015-2016,থিবেসিয়ান কপাটিকা কোথায় অবস্থিত?,A,A,False,True,8.167662567000207,A,,304.0
309,AFMC 2015-2016,জীব-বৈচিত্র্য অঞ্চলকে কী বলা হয়?,A,A,False,True,7.125515372999871,A,,305.0
310,AFMC 2015-2016,শীতকালে কোন প্রাণীটি ঘুমিয়ে কাটায়?,A,D,False,False,3.503480596999907,D,,306.0
311,DAT 2018-2019,সিফিলিস রোগের জন্য দায়ী নিচের কোনটি?,A,A,False,True,3.278734673999679,A,,307.0
312,DAT 2018-2019,জিহ্বা থেকে স্বাদের অনুভূতি গ্রহণ করে কোন স্নায়ু?,B,B,False,True,9.202147220999905,B,,308.0
313,DAT 2018-2019,নিচের কোনটি ক্যান্সার রোগের চিকিৎসায় ব্যবহৃত হয়?,C,C,False,True,4.283303309000075,C,,309.0
314,DAT 2018-2019,নিচের কোন বৈশিষ্ট্য পলিজিন দ্বারা নিয়ন্ত্রিত হয় না?,B,B,False,True,16.273672329999954,B,,310.0
315,DAT 2018-2019,নিচের কোনটি মিশ্র গ্রন্থির উদাহরণ নয়?,B,B,False,True,29.254035234000185,B,,311.0
316,DAT 2018-2019,নিচের কোনটি সমগোত্রীয় পাখির উদাহরণ নয়?,A,,False,False,175.0015425900001,,request_error:,312.0
317,DAT 2018-2019,কোনটি সেরেব্রামের কাজ নয়?,D,D,False,True,5.3215622419998,D,,313.0
318,DAT 2018-2019,চোখের লেন্স ও রেটিনার মধ্যে অবস্থান করে নিচের কোনটি?,A,A,False,True,6.257913181000276,A,,314.0
319,DAT 2018-2019,মধ্যচ্ছদার উপস্থিতি বা Presence of diaphragm কোন পর্বের প্রাণির বৈশিষ্ট্য?,D,D,False,True,5.115409380000074,D,,315.0
320,DAT 2018-2019,হাইড্রার এন্ডোডার্মিসের যেকোনো কোষ তৈরি করতে পারে কোনটি?,B,B,False,True,47.98298197400027,B,,316.0
321,DAT 2018-2019,বাংলাদেশে সন্ধানপ্রাপ্ত ঘাসফড়িংয়ের প্রজাতির সংখ্যা কত?,C,D,False,False,9.732607005999853,D,,317.0
322,DAT 2018-2019,রুই মাছের হৃৎপিণ্ডকে কী নামে অভিহিত করা হয়?,B,B,False,True,14.617139620000216,B,,318.0
323,DAT 2018-2019,একজন পূর্ণ বয়স্ক মানুষের নিচের চোয়ালে মোলার দাঁতের সংখ্যা কত?,D,D,False,True,7.365107023999826,D,,319.0
324,DAT 2018-2019,মানুষের যকৃতের বাহিরের দিকে আবৃতকারী পর্দার নাম কী?,D,D,False,True,4.012713831999918,D,,320.0
325,DAT 2018-2019,স্থুলতার সাথে নিচের কোন রোগটি সম্পর্ক যুক্ত নয়?,B,B,False,True,6.7377938680001535,B,,321.0
326,DAT 2018-2019,মানবদেহে শ্বেত রক্ত কণিকার পরিমাণ 4000/dL এর চেয়ে কমে গেলে সেই অবস্থাকে কী বলে?,A,A,False,True,7.757730511999853,A,,322.0
327,DAT 2018-2019,সাইনুসাইটিস রোগের প্রধান উপসর্গ কোনটি?,A,D,False,False,7.355452791000061,D,,323.0
328,DAT 2018-2019,নিচের কোনটি মানুষের অক্ষীয় কঙ্কালতন্ত্রের অংশ?,C,C,False,True,5.170564846999696,C,,324.0
329,DAT 2018-2019,নিচের কোন অঙ্গে স্থিতিস্থাপক তরুণাস্থি পাওয়া যায়?,A,ACD,False,False,21.72040800800005,"A,C,D",,325.0
330,DAT 2017-2018,মানুষের জিহ্বার সঞ্চালন নিয়ন্ত্রণ করে কোন করোটিক স্নায়ু?,B,B,False,True,3.465991503999703,B,,326.0
331,DAT 2017-2018,নিচের কোনটি মেনিনজেসের অংশ নয়?,D,D,False,True,3.735807001000012,D,,327.0
332,DAT 2017-2018,চোখের রেটিনার যে অংশ আলোকসংবেদী নয় তাকে বলে-,D,D,False,True,6.481774288999986,D,,328.0
333,DAT 2017-2018,নিচের কোন জোড়াটি লোকাল হরমোনের উদাহরণ?,D,C,False,False,10.843365471999732,C,,329.0
334,DAT 2017-2018,মানুষের যকৃতে অবস্থানকারী ম্যাক্রোফেজের নাম কী?,B,B,False,True,5.70420276699997,B,,330.0
335,DAT 2017-2018,ভাইরাসের আক্রমণে শরীরের ভিতরে স্বতঃস্ফূর্তভাবে নিচের কোনটি তৈরি হয়?,B,B,False,True,11.06551920200036,B,,331.0
336,DAT 2017-2018,মানুষের সংখ্যা কোন রক্তগ্রুপে সবচেয়ে বেশি?,D,D,False,True,5.7504596740000125,D,,332.0
337,DAT 2017-2018,হাইড্রার দেহের ক্ষুদ্রতম নেমাটোসিস্ট কোনটি?,A,C,False,False,14.94662401300002,C,,333.0
338,DAT 2017-2018,প্রাপ্তবয়স্ক মানুষের নিচের চোয়ালে দন্তকুঠুরীর সংখ্যা কত?,C,C,False,True,4.969006088999777,C,,334.0
339,DAT 2017-2018,মোলার দাঁতের কাজ কোনটি?,B,C,False,False,6.328859287999876,C,,335.0
340,DAT 2017-2018,আমিষ পরিপাককারী এনজাইম কোনটি?,C,C,False,True,3.873760352999852,C,,336.0
341,DAT 2017-2018,মানুষের যকৃতে অবস্থানকারী ম্যাক্রোফেজের নাম কী?,B,B,False,True,6.046306550999816,B,,337.0
342,DAT 2017-2018,নিচের কোন জোড়াটি লোকাল হরমোনের উদাহরণ?,C,C,False,True,11.456913017999796,C,,338.0
343,DAT 2017-2018,মানব পিত্তরস সম্বন্ধে নিচের কোন তথ্যটি সঠিক?,D,D,False,True,5.927696444000048,D,,339.0
344,DAT 2017-2018,নিচের কোন জোড়াটি লোকাল হরমোনের উদাহরণ?,C,C,False,True,14.001195351000206,C,,340.0
345,DAT 2017-2018,"মানব পিত্তরস সম্বন্ধে নিচের কোন তথ্যটি সঠিক, ইহা-",D,D,False,True,5.46979516600004,D,,341.0
346,DAT 2017-2018,স্বাভাবিক ওজনের মানুষের বডি মাস ইনডেক্স (BMI) কত?,B,B,False,True,5.2954073730002165,B,,342.0
347,DAT 2017-2018,অদানাদার বা অ্যাগ্রানুলোসাইট কোনটি?,B,B,False,True,7.07367818900002,B,,343.0
348,DAT 2017-2018,মানুষের রক্ত জমাট বাঁধার মূল উপাদান নয় কোনটি?,B,B,False,True,5.868973043000096,B,,344.0
349,DAT 2017-2018,পেসমেকারের অবস্থান হৃৎপিণ্ডের কোথায়?,C,C,False,True,3.775851139999759,C,,345.0
350,DAT 2017-2018,একজন সুস্থ পূর্ণবয়স্ক মানুষ বিশ্রামরত অবস্থায় মিনিটে কতবার শ্বসনক্রিয়া সম্পাদন করে?,B,B,False,True,4.043871972000034,B,,346.0
351,DAT 2017-2018,মানব রেচনতন্ত্রের অংশ নয় কোনটি?,C,C,False,True,5.11764760799997,C,,347.0
352,DAT 2017-2018,ইন্টারক্যালেটেড ডিস্ক কোন ধরনের পেশির বৈশিষ্ট্য?,B,B,False,True,4.008076046000042,B,,348.0
353,DAT 2016-2017,পাকস্থলিতে কোন করোটিক স্নায়ুর কার্যক্রম বিদ্যমান?,C,C,False,True,4.531422907999968,C,,349.0
354,DAT 2016-2017,সেরেব্রামের দুটি খণ্ডকে সংযোগকারী স্নায়ু গুচ্ছের নাম-,C,C,False,True,3.173093785000219,C,,350.0
355,DAT 2016-2017,রক্তে Na⁺ ও K⁺ এর সমতা রক্ষা করে কোন হরমোন?,D,D,False,True,3.571530679999796,D,,351.0
356,DAT 2016-2017,মানবদেহে সর্ববৃহৎ অঙ্গ কোনটি?,B,B,False,True,4.156563729000027,B,,352.0
357,DAT 2016-2017,নিষ্ক্রিয় ভ্যাক্সিন কোনটি?,A,A,False,True,28.48768649900012,A,,353.0
358,DAT 2016-2017,AB ব্লাড গ্রুপের দাতা কোন গ্রুপকে রক্ত দিতে পারবে?,C,C,False,True,3.94470974900014,C,,354.0
359,DAT 2016-2017,কত সেলসিয়াস তাপমাত্রার নিচে রুই মাছ বাঁচতে পারে না?,C,C,False,True,9.695937316999787,C,,355.0
360,DAT 2016-2017,প্রোটিন পরিপাককারী এনজাইম নয় কোনটি?,D,D,False,True,4.119831351999892,D,,356.0
361,DAT 2016-2017,Kupffer's Cell থাকে কোথায়?,C,C,False,True,3.33411365100028,C,,357.0
362,DAT 2016-2017,একটি হৃৎপিণ্ডে প্রতি মিনিটে ৮০ বার হৃদকম্পন হলে হৃদচক্রের স্থায়িত্ব কত?,B,B,False,True,4.372840649999944,B,,358.0
363,DAT 2016-2017,কোনটি হৃদপিণ্ডকে বিভিন্ন প্রকোষ্ঠে বিভক্ত করে?,C,D,False,False,14.711793316999774,D,,359.0
364,DAT 2016-2017,করোনারি ধমনি সরু হয়ে যাওয়া নির্ণয়ে ব্যবহৃত হয় কোন পরীক্ষা?,B,B,False,True,4.587509286000113,B,,360.0
365,DAT 2016-2017,বিশ্বব্যাপী রক্তশূন্যতার প্রধানতম কারণ কী?,B,B,False,True,2.5702314209997894,B,,361.0
366,DAT 2016-2017,Adam's Apple কোথায় থাকে?,A,A,False,True,4.6681784379998135,A,,362.0
367,DAT 2016-2017,বৃক্কের কাজ নয় কোনটি?,C,C,False,True,4.618835239999953,C,,363.0
368,DAT 2016-2017,স্বাভাবিক মূত্রের রং খড়ের রং হওয়ার কারণ কী?,B,B,False,True,4.887973771999896,B,,364.0
369,DAT 2016-2017,মানুষের কপাল কোন অস্থি দিয়ে তৈরি হয়?,B,B,False,True,3.917794882999715,B,,365.0
370,DAT 2016-2017,সিসাময়েড অস্থি কোনটি?,B,B,False,True,18.85838247799984,B,,366.0
371,DAT 2014-2015,সাদা লেগহর্ণ ও সাদা ওয়াইনডট এর মধ্যে ক্রস ঘটিয়ে ফলাফল পান-,A,B,False,False,10.556674544999623,B,,367.0
372,MAT 2018-2019,কোনটি মানুষের পশ্চাৎ মস্তিষ্কের অংশ নয়?,D,D,False,True,7.3794898099999955,D,,368.0
373,MAT 2018-2019,চোখের রেটিনার ভিতর সবচেয়ে আলোক সংবেদী অংশের নাম কী?,C,C,False,True,12.120021900999744,C,,369.0
374,MAT 2018-2019,মানবদেহের সবচেয়ে ছোট অনাল গ্রন্থি কোনটি?,C,C,False,True,13.661049176000231,C,,370.0
375,MAT 2018-2019,নিচের কোন হরমোন রক্তে সোডিয়ামের মাত্রা নিয়ন্ত্রণ করে?,C,C,False,True,4.555671088000054,C,,371.0
376,MAT 2018-2019,নিচের কোনটি সহজাত প্রতিরক্ষার উদাহরণ নয়?,D,D,False,True,7.751439539999865,D,,372.0
377,MAT 2018-2019,ব্যাঙের শীতনিদ্রা' কোন ধরনের ট্যাক্সিসের উদাহরণ?,A,C,False,False,24.98103064399993,C,,373.0
378,MAT 2018-2019,মুখবিবরে 'র ্যাডুলা' নামক অংশ থাকে কোন পর্বের প্রাণীতে?,B,B,False,True,6.169196362000093,B,,374.0
379,MAT 2018-2019,হাইড্রার বহিঃত্বকে সমগ্র স্থান জুড়ে অবস্থান করে কোনটি?,D,C,False,False,92.27763927700016,C,,375.0
380,MAT 2018-2019,ঘাসফড়িংয়ের পুঞ্জাক্ষির কোন অংশটি আলো গ্রহণ করে?,B,B,False,True,11.766680404999988,B,,376.0
381,MAT 2018-2019,রুই মাছের আঁইশ কোন ধরনের?,D,D,False,True,7.708268302000306,D,,377.0
382,MAT 2018-2019,হেপারিন তৈরি ও নিঃসরণ করা কোন কোষের কাজ?,B,B,False,True,4.084172695999769,B,,378.0
383,MAT 2018-2019,হৃৎপিণ্ডের কোন কপাটিকায় তিনটি কাম্প থাকে না?,B,B,False,True,8.251898127000004,B,,379.0
384,MAT 2018-2019,কোন জাতীয় ব্যারোরিসেপ্টর রক্তের আয়তন নিয়ন্ত্রণে ভূমিকা রাখে?,C,C,False,True,13.792570590000196,C,,380.0
385,MAT 2018-2019,নিচের কোনটি মানবদেহের শ্বসনতন্ত্রের বায়ু পরিবহন অঞ্চল নয়?,D,D,False,True,8.73236881899993,D,,381.0
386,MAT 2018-2019,সারফেকট্যান্ট কোথায় পাওয়া যায়?,C,C,False,True,4.712224579000122,C,,382.0
387,MAT 2018-2019,রক্তে CO₂ পরিবহনের মাধ্যম নয় কোনটি?,C,C,False,True,8.09383987000001,C,,383.0
388,MAT 2018-2019,কোনটি মানুষের মুখমণ্ডলীয় অস্থি নয়?,C,C,False,True,8.309082984999804,C,,384.0
389,MAT 2018-2019,করোটিক স্নায়ুর কাজ সম্পর্কিত নিচের কোন তথ্যটি সঠিক নয়?,D,D,False,True,8.921682523000072,D,,385.0
390,MAT 2017-2018,চোখের স্কেরার রঙ কী?,B,B,False,True,3.467647276000207,B,,386.0
391,MAT 2017-2018,মানবদেহের ভারসাম্য নিচের কোনটি রক্ষা করে?,B,B,False,True,4.889926646000276,B,,387.0
392,MAT 2017-2018,মানবদেহে ক্যালসিয়াম ও ফসফরাসের বিপাক নিয়ন্ত্রণ করে কোন গ্রন্থি?,C,C,False,True,4.895479209000314,C,,388.0
393,MAT 2017-2018,মানব দেহে নিষেক প্রক্রিয়া কোথায় সংঘটিত হয়?,B,B,False,True,4.262968435999937,B,,389.0
394,MAT 2017-2018,প্রথম টেস্টটিউব বেবির নাম কী?,A,A,False,True,4.214261108999835,A,,390.0
395,MAT 2017-2018,নিচের কোনটি মানুষের প্রাথমিক প্রতিরোধ ব্যবস্থা নয়?,C,C,False,True,8.41779962999999,C,,391.0
396,MAT 2017-2018,নিচের কোনটি সেক্স-লিংকড ডিসঅর্ডার নয়?,B,B,False,True,5.662189275999936,B,,392.0
397,MAT 2017-2018,মারসুপিয়াল স্তন্যপায়ী প্রাণী কোন মহাদেশে পাওয়া যায়?,C,C,False,True,4.269160245999956,C,,393.0
398,MAT 2017-2018,নিচের কোনটি দ্বিঅরীয় প্রতিসাম্য প্রাণীর উদাহরণ?,C,C,False,True,19.671827686000142,C,,394.0
399,MAT 2017-2018,হাইড্রার খাদ্য নয় কোনটি?,D,D,False,True,7.9426004070001,D,,
400,MAT 2017-2018,ঘাসফড়িংয়ের রক্ত সংবহনতন্ত্রের অংশ নয় কোনটি?,B,B,False,True,23.104984844000683,B,,
401,MAT 2017-2018,স্ত্রী রুইমাছ ডিম পাড়ে কখন?,C,C,False,True,11.21803335200002,C,,
402,MAT 2017-2018,নিচের কোন হরমোনটি পাকস্থলীর হাইড্রোক্লোরিক অ্যাসিড নিঃসরণ নিয়ন্ত্রণ করে?,D,D,False,True,9.305808092000007,D,,
403,MAT 2017-2018,নিচের কোনটি তৈরির প্রক্রিয়াকে এরিথ্রোপোয়েসিস বলে?,A,A,False,True,4.1028837140002,A,,
404,MAT 2017-2018,হৃদ-ফুসফুস যন্ত্র (Heart-Lung Machine) কোন কাজে ব্যবহৃত হয়?,B,B,False,True,3.852394835999803,B,,
405,MAT 2017-2018,হেনলির লুপের অবস্থান বৃক্কের কোথায়?,A,A,False,True,5.594375295000646,A,,
406,MAT 2017-2018,মানবদেহের করোটিকাতে কতগুলো অস্থি আছে?,A,,False,False,174.5067994759993,,request_error:,
407,MAT 2017-2018,পূর্ণ সংবেদী স্নায়ু নয় কোনটি?,B,B,False,True,6.903875549999611,B,,
408,MAT 2016-2017,প্রাপ্তবয়স্ক মানুষের মস্তিষ্কে নিউরনের সংখ্যা কত?,C,C,False,True,15.33679019400006,C,,
409,MAT 2016-2017,নিচের কোনটি মিশ্র গ্রন্থি নয়?,D,D,False,True,4.832697455000016,D,,
410,MAT 2016-2017,বুকের দুধে কোন ধরনের ইমিউনোগ্লোবিন (Ig) থাকে?,A,D,False,False,4.28258976699999,D,,
411,MAT 2016-2017,"কনে হিমোফিলিয়া বাহক, বর সুস্থ, এদের সন্তানদের ক্ষেত্রে কোনটি মিথ্যা?",B,B,False,True,9.959933084000113,B,,
412,MAT 2016-2017,ফিলোসফিকা জুওলজিক' গ্রন্থের রচয়িতা কে?,B,B,False,True,4.4870399739993445,B,,
413,MAT 2016-2017,জুরাসিক সময়কাল বলা হয় কত আগের সময়কে?,B,A,False,False,21.083339947999775,A,,
414,MAT 2016-2017,দ্রুত চলাচলের জন্য Hydra কোন চলন পদ্ধতি ব্যবহার করে?,A,A,False,True,10.565460556999824,A,,
415,MAT 2016-2017,কোনটি ঘাসফড়িং এর মস্তকের বহিঃকঙ্কালের অংশ নয়?,C,C,False,True,11.365563440000187,C,,
416,MAT 2016-2017,রুই মাছের আঁইশের বৃদ্ধি কোন সময়ে বেশি হয়?,D,A,False,False,9.562327026000276,A,,
417,MAT 2016-2017,মানুষের যকৃতের সবচেয়ে বড় খণ্ডাংশটি হলো-,B,B,False,True,4.42108533299961,B,,
418,MAT 2016-2017,কোনটি ক্ষুদ্রান্ত্রের অংশ নয়?,C,C,False,True,4.019328747000145,C,,
419,MAT 2016-2017,নিচের কোন BMI (Body Mass Index) অতিরিক্ত ওজন নির্দেশ করে?,B,B,False,True,5.194903411999803,B,,
420,MAT 2016-2017,একজন ৬ বছরের বালিকার দাঁতের সংকেত (ICPM) কোনটি?,BCD,B,True,False,8.744003676999455,B,,
421,MAT 2016-2017,কোনটি ক্ষুদ্রান্ত্রের অংশ নয়?,C,C,False,True,3.602241529000821,C,,
422,MAT 2016-2017,নিচের কোন BMI (Body Mass Index) অতিরিক্ত ওজন নির্দেশ করে?,B,B,False,True,5.551573648000158,B,,
423,MAT 2016-2017,নিউক্লিয়াসবিহীন কোষ হলো-,A,A,False,True,4.22757621799974,A,,
424,MAT 2016-2017,মানুষের স্বাভাবিক রক্ত ক্ষরণকাল-,C,C,False,True,17.44961780000085,C,,
425,MAT 2016-2017,একই সাথে শরীরে রক্তে অক্সিজেনের ঘনত্ব ও হৃৎস্পন্দনের পরিমাপক যন্ত্রের নাম কি?,C,C,False,True,3.2604380619995936,C,,
426,MAT 2016-2017,হৃদযন্ত্রের রোগ নির্ণয়ে প্রাথমিক পরীক্ষা কোনটি?,C,C,False,True,4.535945841000284,C,,
427,MAT 2016-2017,কৃত্রিম পেসমেকার যন্ত্রে কোন ব্যাটারি ব্যবহার করা হয়?,D,D,False,True,6.8296632859992314,D,,
428,MAT 2016-2017,শ্বসন কেন্দ্র অবস্থিত কোথায়?,A,A,False,True,8.590379223000127,A,,
429,MAT 2016-2017,কোনটি প্যারানাসাল সাইনাস নয়?,D,D,False,True,4.47289832000024,D,,
430,MAT 2016-2017,মানুষের কব্জিতে হাড়ের সংখ্যা কত?,B,B,False,True,3.1412817469999936,B,,
431,MAT 2015-2016,নিচের কোনটি মিনারেলোকোর্টিকয়েড হরমোনের কাজ নয়?,C,C,False,True,9.778056309000021,C,,
432,MAT 2015-2016,কোনটি মিশ্র গ্রন্থি?,B,B,False,True,4.383217321000302,B,,
433,MAT 2015-2016,সিমেন তৈরির জন্য পিচ্ছিল পদার্থ ক্ষরণ করে কোন অঙ্গ?,A,A,False,True,12.022323002999656,A,,
434,MAT 2015-2016,ব্যাকটেরিয়া ধ্বংসে অ্যান্টিবডিকে সহায়তা করে কোনটি?,A,A,False,True,4.829398494999623,A,,
435,MAT 2015-2016,হোমোলোগাস ক্রোমোজোমের একটি লোকাসে দুটি জিন একত্রে থাকাকে কী বলে?,B,B,False,True,5.643574016000457,B,,
436,MAT 2015-2016,জেলিফিশ কোন পর্বের প্রাণী?,A,A,False,True,3.055526605000523,A,,
437,MAT 2015-2016,কোন প্রাণী অযৌন ও যৌন দুভাবেই প্রজনন সম্পন্ন করে?,B,B,False,True,9.195158665000235,B,,
438,MAT 2015-2016,ঘাসফড়িং এর অগ্রভাগের সরু ও শক্ত ডানাদ্বয়কে কী বলে?,D,D,False,True,5.069699276999927,D,,
439,MAT 2015-2016,কোন ভিটামিন পানিতে দ্রবণীয়?,C,C,False,True,2.956103102999805,C,,
440,MAT 2015-2016,পেপসিনের ক্ষেত্রে কোনটি সত্য নয়?,A,A,False,True,14.295718993000264,A,,
441,MAT 2015-2016,কোনটি অদানাদার শ্বেত কণিকা?,B,B,False,True,5.915166920999582,B,,
442,MAT 2015-2016,স্বাভাবিক অবস্থায় মানবদেহের রক্তের pH এর মান-,B,B,False,True,2.7664671970005656,B,,
443,MAT 2015-2016,নিচের কোনটি পালমোনারি সংবহনের অংশ নয়?,D,D,False,True,4.22730464200049,D,,
444,MAT 2015-2016,কোন চক্রের মাধ্যমে যকৃতে ইউরিয়া তৈরি হয়?,C,C,False,True,4.208617846999914,C,,
445,MAT 2015-2016,নিচের কোনটি বক্ষ অস্থিচক্রের হাড়?,B,B,False,True,4.826533111000572,B,,
446,MAT 2015-2016,মানুষের নবম জোড়া করোটিক স্নায়ুর নাম কী?,D,D,False,True,9.86409590599942,D,,
447,MAT 2014-2015,মস্তিষ্কের কোন অংশে ক্ষুধা নিয়ন্ত্রণ কেন্দ্র অবস্থিত?,C,C,False,True,4.260495452000214,C,,
448,MAT 2014-2015,ডায়েনসেফালনের মধ্যস্থ গহবরটিকে কী বলে?,D,D,False,True,6.5706991759998346,D,,
449,MAT 2014-2015,পিউপিলের অবস্থান কোথায়?,C,C,False,True,6.950950929000101,C,,
450,MAT 2014-2015,মেলানিন রঞ্জকে রঞ্জিত স্তর কোনটি?,B,B,False,True,8.09421345300052,B,,
451,MAT 2014-2015,অগ্ন্যাশয়ের আলফা কোষ থেকে নিঃসৃত হয়—,D,D,False,True,4.5211500660007005,D,,
452,MAT 2014-2015,কোন গ্রন্থির ক্ষরণকাল আজীবন নয়?,C,C,False,True,4.034842144000322,C,,
453,MAT 2014-2015,নিচের কোনটি ভ্রূণীয় এক্টোডার্ম স্তর থেকে তৈরি হয়?,C,C,False,True,7.455960745000084,C,,
454,MAT 2014-2015,মানুষের দেহকোষে কতটি অটোজোম থাকে?,B,B,False,True,4.389281185999607,B,,
455,MAT 2014-2015,নিচের কোনটির দ্বারা গনোরিয়া রোগ হয়?,C,C,False,True,3.641279597999528,C,,
456,MAT 2014-2015,ভ্রান্ত সিলোমযুক্ত প্রাণীর পর্ব কোনটি?,B,B,False,True,4.656300067999837,B,,
457,MAT 2014-2015,হাইড্রার মুকুল কী কাজে ব্যবহৃত হয়?,A,A,False,True,4.617475145000753,A,,
458,MAT 2014-2015,রক্তস্রোতে থাকা অতিরিক্ত গ্লুকোজ থেকে যকৃতে সঞ্চিত পলিস্যাকারাইড হলো-,D,D,False,True,3.296201864000068,D,,
459,MAT 2014-2015,মাইক্রোভিলাইগুলো একত্রিতভাবে ক্ষুদ্রান্ত্রের উপরিভাগে কী সৃষ্টি করে?,A,A,False,True,4.549737325999558,A,,
460,MAT 2014-2015,স্থূলতার সহিত সম্পর্কযুক্ত রোগ কোনটি?,C,C,False,True,5.691559262000737,C,,
461,MAT 2014-2015,ফুসফুসের গঠন ও কার্যগত একক-,C,C,False,True,5.043314418999216,C,,
462,MAT 2014-2015,স্বাভাবিক মূত্রের বর্ণ হালকা হলুদ হয় কিসের উপস্থিতিতে?,B,B,False,True,6.401961119000589,B,,
463,MAT 2014-2015,নিচের কোনটি ক্লাভিকলের বৈশিষ্ট্য?,A,A,False,True,21.98680640099974,A,,
464,MAT 2014-2015,চলনের সময় হাঁটুকে ভাঁজ করে কোন মাংসপেশী?,C,C,False,True,5.529325937000067,C,,
465,MAT 2014-2015,মেরুদন্ডের এটলাস ও এক্সিসের মধ্যবর্তী অস্থিসন্ধি কোনটি?,C,B,False,False,28.85491240600004,B,,
466,MAT 2014-2015,মোটর প্রকৃতির স্নায়ু কোনটি?,A,A,False,True,7.224469365999539,A,,
467,AFMC 2020-2021,সন্তান প্রসবে কোন হরমোন সাহায্য করে?,A,A,False,True,4.231570652999835,A,,
468,AFMC 2020-2021,মায়ের দুধে কি ধরনের প্রতিরক্ষা থাকে?,B,B,False,True,7.553078973000083,B,,
469,AFMC 2020-2021,অ্যান্টিবডি ক্ষরণ করে কোন কোষ?,C,C,False,True,3.6311939260003783,C,,
470,AFMC 2020-2021,সর্বপ্রথম ভ্যাক্সিন কত সালে আবিষ্কৃত হয়?,A,A,False,True,3.4249938819993986,A,,
471,AFMC 2020-2021,কোনটি সেক্স লিংকড ডিসঅর্ডার নয়?,A,A,False,True,5.817579436999949,A,,
472,AFMC 2020-2021,কোয়াগুলেশন ফ্যাক্টর কোনটির অভাবে হিমোফিলিয়া হয়?,C,C,False,True,3.688750436999726,C,,
473,AFMC 2020-2021,সপ্তম করোটিক স্নায়ু কোনটি?,C,C,False,True,5.785116543000186,C,,
474,AFMC 2020-2021,মানুষের রেসপিরেটরি সেন্টার কোনটিতে থাকে?,B,B,False,True,6.109147502000269,B,,
475,AFMC 2020-2021,গলগন্ড রোগ হয় কোনটির অভাবে?,C,C,False,True,2.685949900000196,C,,
476,AFMC 2020-2021,ট্রপিক হরমোন কোনটি?,C,C,False,True,5.572663685000407,C,,
477,AFMC 2020-2021,এপিডিডাইমিস এর দৈর্ঘ্য কত?,A,A,False,True,4.168339885000023,A,,
478,AFMC 2020-2021,জাতীয় পাখির বৈজ্ঞানিক নাম কী?,C,C,False,True,7.06984479699986,C,,
479,AFMC 2020-2021,হাইড্রা কোন পর্বের প্রাণী?,A,A,False,True,3.1948890479998227,A,,
480,AFMC 2020-2021,ঘাসফড়িং এর পুঞ্জাক্ষিতে কতটি ওমাটিডিয়াম রয়েছে?,A,B,False,False,13.8571305079995,B,,
481,AFMC 2020-2021,নিষ্ক্রিয় ট্রিপসিনোজেন কে সক্রিয় ট্রিপসিনে পরিণত করে কে?,C,B,False,False,23.3031105200007,B,,
482,AFMC 2020-2021,"চিকিৎসাবিদ্যার কোন শাখায় স্থূলতার কারণ, প্রতিরোধ ও চিকিৎসা সম্বন্ধে আলোচনা করা হয়?",C,C,False,True,3.5960580259998096,C,,
483,AFMC 2020-2021,কোন প্রাণীর লোহিত কণিকায় নিউক্লিয়াস থাকে?,C,,False,False,174.1951553130002,,request_error:,
484,AFMC 2020-2021,বাম অলিন্দ ও বাম নিলয়ের ছিদ্রপথে কোন কপাটিকা থাকে?,B,AB,False,False,12.752316709999832,"A,B",,
485,AFMC 2020-2021,মানবদেহের স্বাভাবিক ডায়াস্টলিক চাপ কত?,A,A,False,True,8.041291303000435,A,,
486,AFMC 2020-2021,শ্বসনতন্ত্রের উৎপত্তি কোথা থেকে হয়?,A,A,False,True,4.98764797199965,A,,
487,AFMC 2020-2021,কোনটি Larynx এর Cartilage নয়?,B,B,False,True,17.080993838000722,B,,
488,AFMC 2020-2021,কোষের অন্তঃশ্বসন কোথায় হয়?,C,C,False,True,4.963666912000008,C,,
489,AFMC 2020-2021,করোটিকার অস্থি কয়টি?,C,C,False,True,5.357945988999745,C,,
490,MAT 2002-2003,শোষিত খাদ্যবস্তুর প্রোটোপ্লাজমে রূপান্তরকে বলে-,C,C,False,True,3.365235070000381,C,,
491,[DAT: 90-91,স্নেহজাতীয় পদার্থকে ফ্যাটি অ্যাসিড ও গ্লিসারলে পরিণত করে কোন এনজাইম?,B,B,False,True,3.533626448999712,B,,
492,MAT 2012-2013,রক্তের pH নির্ভর করে যার উপর-,B,B,False,True,4.022175689000505,B,,
493,MAT 2011-2012,নিম্নের কোন অঙ্গে লোহিত কণিকা ধ্বংস হয়?,AB,A,True,False,8.062555043999964,A,,
494,MAT 2009-2010,নিম্নের কোনটি শরীরের অণুপ্রবেশিত জীবাণু ধ্বংস করার প্রক্রিয়া?,D,D,False,True,4.85143139199954,D,,
495,MAT 2008-2009,নিম্নের কোনটি রক্ত জমাট বাঁধার মূল উপাদান নয়?,C,C,False,True,5.930375930999617,C,,
497,MAT 1997-1998,নিউক্লিয়াস বিশিষ্ট লোহিত কণিকা কোন প্রাণীতে থাকে?,C,C,False,True,9.418201029000556,C,,
498,MAT 1993-1994,কণিকাবিহীন রক্তের জলীয় অংশকে বলে-,B,B,False,True,10.835053913000593,B,,
499,MAT 1988-1989,মানবদেহে রোগ প্রতিরোধক হিসাবে কাজ করে কোনটি?,B,B,False,True,3.645983213999898,B,,
500,DAT 2009-2010,নিম্নের কোন কোষটি হেপারিন নিঃসরণ করে?,B,B,False,True,4.3316782000001695,B,,
501,DAT 2007-2008,নিম্নের উল্লেখিত কয়টি ফ্যাক্টর রক্ত জমাট বাধার প্রক্রিয়ায় অংশগ্রহণ করে?,D,D,False,True,11.198561975999837,D,,
502,DAT 1989-1990,লোহিত রক্তকণিকার উৎপত্তিস্থল নয়-,B,B,False,True,8.39609067299989,B,,
503,DAT 1990-1991,লাল অস্থিমজ্জায় তৈরি হয়-,D,D,False,True,4.21454211100081,D,,
504,MAT 2013-2014,হৃদপিন্ডের ডান অলিন্দ ও ডান নিলয়ের সংযোগ স্থলের কপাটিকার নাম-,B,B,False,True,6.246988030000466,B,,
505,MAT 2013-2014,মাইট্রাল কপাটিকা নিম্নে উল্লেখিত কোথায় অবস্থিত?,B,B,False,True,7.231416236999394,B,,
506,MAT 2009-2010,নিম্নের কোন শ্বেতকণিকার নিউক্লিয়াসটি দুই লোব বিশিষ্ট?,B,B,False,True,4.500853788000313,B,,
507,MAT 2009-2010,নিলয়ের ডায়াস্টলের সময় নিম্নের কত সেকেন্ড?,C,C,False,True,7.724173568999504,C,,
508,MAT 2009-2010,নিম্নের কোনটি সঠিক নয়?,C,A,False,False,14.97535876099937,A,,
509,MAT 2008-2009,নিম্নের কোন তথ্যটি সঠিক নয়?,A,A,False,True,10.508681862999765,A,,
510,MAT 2008-2009,সিস্টোলিক এবং ডায়াস্টলিক প্রেসারের পার্থক্যকে বলা হয়-,A,A,False,True,4.909609348000231,A,,
511,DAT 2009-2010,নিম্নের কোনটি হৃৎপিন্ডের সংবহন তন্ত্রের অংশ নহে?,B,B,False,True,10.631668695000371,B,,
512,DAT 2008-2009,নিম্ন প্রদত্ত কোন ধমনিটির উৎপত্তি এ্যাওর্টার বাঁক থেকে হয় না?,D,D,False,True,10.683136026000284,D,,
513,DAT 2009-2010,নিম্নের কোনটি হৃদপিণ্ডকে বিভিন্ন প্রকোষ্ঠে বিভক্ত করে?,B,D,False,False,16.666868827000144,D,,
514,MAT 2008-2009,সিলিয়াক ধমনী নিম্নের কোন অঙ্গে রক্ত সরবরাহ করে না?,B,B,False,True,6.3809511290000955,B,,
515,MAT 2005-2006,শিরার জন্য কোন তথ্যটি সঠিক নয়?,D,D,False,True,11.988695584999732,D,,
516,DAT 2008-2009,মানব শিরাতন্ত্রে নিম্নের কোনটি অনুপস্থিত?,A,D,False,False,21.532151607000742,D,,
517,DAT 2002-2003,ধমনীর ক্ষেত্রে নীচের কোনটির প্রযোজ্য?,D,D,False,True,6.290056378999907,D,,
518,MAT 2012-2013,নিম্নের কোন তথ্যটি লসিকাতন্ত্র সম্পর্কে সত্য নয়?,B,C,False,False,13.623547671999404,C,,
519,MAT 2005-2006,লসিকা সম্বন্ধে কোনটি সঠিক নয়?,D,D,False,True,7.665815088000272,D,,
520,MAT 2003-2004,লসিকার আপেক্ষিক গুরুত্ব কত?,D,C,False,False,11.23540560299989,C,,
521,MAT 2008-2009,শ্বসনতন্ত্র সম্পর্কে নিচের কোন তথ্যটি সঠিক নয়?,B,B,False,True,13.378582606999771,B,,
522,MAT 2006-2007,স্বরতন্ত্রীর অবস্থান হচ্ছে-,D,D,False,True,4.2311635169999136,D,,
523,MAT 2006-2007,ব্রঙ্কিয়াল নালীগুলোর কোনটি সঠিক পর্যায়ক্রম?,B,D,False,False,16.81234510200011,D,,
524,MAT 2006-2007,নিচের কোন উক্তিটি সত্য নয়?,C,,False,False,174.83401104200038,,request_error:,
525,MAT 2006-2007,ফুসফুসের ক্ষেত্রে নিম্নের কোনটি সঠিক?,A,A,False,True,5.868994147000194,A,,
526,MAT 1997-1998,সিলিয়াযুক্ত এপিথেলিয়াম কোথায় পাওয়া যায়?,B,B,False,True,5.228167072999895,B,,
527,MAT 2009-2010,নিম্নের কোন তথ্যটি সঠিক নয়?,D,D,False,True,8.806674288000067,D,,
528,MAT 1991-1992,ব্রঙ্কিওল শেষ হয়-,D,D,False,True,4.189295619000404,D,,
529,MAT 2006-2007,কোনটি মানব দেহের শ্বসনের জন্য সঠিক নয়?,A,A,False,True,13.631716009999764,A,,
530,MAT 2002-2003,পূর্ণ বয়স্ক সুস্থ মানুষের বিশ্রামকালে প্রতিমিনিটে শ্বসনের হার?,C,A,False,False,13.699014627999532,A,,
531,MAT 2002-2003,আজকাল অধিক হারে শ্বাস-কষ্ট রোগের জন্য কোনটি দায়ী?,B,A,False,False,9.246444921000148,A,,
532,MAT 2002-2003,ফুসফুসের ক্যান্সারের জন্য দায়ী-,A,A,False,True,9.260908465999819,A,,
533,MAT 2009-2010,নিম্নের কোনটি বৃক্কের কাজ নয়?,B,B,False,True,6.427369906999957,B,,
534,MAT 2006-2007,মানুষের রেচনতন্ত্রের সাহায্যে দেহের প্রায় কত শতাংশ রেচিত হয়?,B,A,False,False,14.763304865999999,A,,
535,MAT 2006-2007,কোনটি মানবদেহের রেচন/রেচনতন্ত্র এর জন্য সঠিক নয়?,D,,False,False,174.9762100880007,,request_error:,
536,MAT 2004-2005,বৃক্কের কাজ নয় কোনটি?,C,C,False,True,6.014313427000161,C,,
537,DAT 2009-2010,নিম্নের কোনটি বৃক্ক সম্পর্কে সঠিক নয়?,A,B,False,False,9.841285769999558,B,,
538,DAT 2004-2005,রেচনতন্ত্রের নিচের কোনটি ইউরেটার নামক নালি গঠন করে?,B,B,False,True,25.27411610800027,B,,
539,MAT 2013-2014,লুপ অফ হেন্সি শরীরের নিম্নলিখিত কোন অঙ্গের অংশ?,B,B,False,True,3.602486875000068,B,,
540,MAT 2012-2013,নিম্নের কোন তথ্যটি নেফ্রনের জন্য প্রযোজ্য হবে?,D,D,False,True,13.616222575000393,D,,
541,MAT 2003-2004,প্রতিটি বৃক্কে নেফ্রন থাকে-,C,C,False,True,12.05833676400016,C,,
542,MAT 2002-2003,কোন অংশটি রেনাল টিউব্যুল এর অংশ নয়?,D,D,False,True,8.728994849000628,D,,
543,MAT 1995-1996,নেফ্রন কোনটির একক-,A,A,False,True,2.966406941999594,A,,
544,MAT 1992-1993,গ্লোমেরুলাসের কাজ হল-,B,B,False,True,4.795776756000123,B,,
545,MAT 1989-1990,বৃক্কে বিদ্যমান-,A,A,False,True,4.226358355999764,A,,
546,DAT 2010-2011,প্রক্সিমাল প্যাঁচানো নালিকায় নিম্নের কোনটির সক্রিয় ক্ষরণ হয়?,B,B,False,True,11.362556355999914,B,,
547,MAT 2012-2013,মূত্রের উপাদান নয় কোনটি?,C,C,False,True,10.041480412000055,C,,
548,MAT 2010-2011,মানুষের গ্লোমেরুলাসে পরিদ্রুত মূত্র ADH এর প্রভাব ছাড়া নিম্নের (%) কতভাগ পুনঃশোষণ প্রক্রিয়ায় নেফ্রনের প্রক্সিমাল প্যাঁচানো নালিকায় শোষিত হয়?,C,C,False,True,13.649916112999563,C,,
549,MAT 2005-2006,কোন ধাপটি মূত্র সৃষ্টির জন্য প্রয়োজন নয়?,B,C,False,False,7.7035150960000465,C,,
550,MAT 2003-2004,কোন রঞ্জক পদার্থের জন্য মূত্র তার স্বাভাবিক খড় রং প্রাপ্ত হয়?,C,C,False,True,4.000913436000701,C,,
551,MAT 2008-2009,মূত্র তৈরি হয় কোথায়?,C,C,False,True,4.029831699999704,C,,
552,MAT 2013-2014,স্ফেনয়েড অস্থি কঙ্কালের কোন অংশে থাকে?,A,A,False,True,8.555837966000581,A,,
553,MAT 2006-2007,কোনটি মানবদেহের টার্সাল অস্থির অন্তর্ভূক্ত নয়?,C,C,False,True,5.52986181200049,C,,
554,MAT 2007-2008,নিম্নলিখিত কয়টি অস্থি নিয়ে মানব করোটি গঠিত?,D,D,False,True,12.466410565999468,D,,
555,MAT 2006-2007,মানুষের গ্রীবাদেশীয় কশেরুকার নিম্নের কোনটির নাম অ্যাক্সিস?,B,B,False,True,4.289274409000427,B,,
556,MAT 2004-2005,নিম্নের কোনটি মানুষের মুখমন্ডলীর অস্থি?,C,C,False,True,5.96819208100078,C,,
557,MAT 2002-2003,করোটিকার অস্থি নয় কোনটি?,C,C,False,True,6.738383462000456,C,,
558,MAT 1989-1990,গ্লেনয়েড গহ্বর কোথায় থাকে?,A,A,False,True,11.748014081999827,A,,
559,MAT 1990-1991,হিউমেরাস কোন অস্থিটিকে বলা হয়?,C,C,False,True,5.33786743499968,C,,
560,MAT 1989-1990,ফিমার কোন অস্থিটিকে বলা হয়?,C,C,False,True,4.5282221789993855,C,,
561,DAT 2000-2001,উপরের চোয়াল যে ধরনের অস্থি?,D,D,False,True,12.972771785999612,D,,
562,DAT 1996-1997,কোনটি মানবদেহের করোটির অস্থি?,B,B,False,True,14.179952931999651,B,,
563,DAT 1987-1988,মুখমণ্ডলীয় অস্থির সংখ্যা নিচের কোনটি?,C,C,False,True,6.7600711949999095,C,,
564,MAT 2011-2012,নিম্নের কোনটিতে তরুণাস্থি নাই?,D,D,False,True,4.748923703000401,D,,
565,MAT 2010-2011,গোড়ালার পেশা নিম্নের কোনটি?,B,B,False,True,10.012356107000414,B,,
566,MAT 2009-2010,নিম্নের কোন তথ্যটি সঠিক?,B,B,False,True,18.76912622799955,B,,
567,MAT 2009-2010,নিম্নে উল্লেখিত কোন অঙ্গে স্থিতিস্থাপক তরুণাস্থি থাকে?,A,A,False,True,16.438024574000337,A,,
568,MAT 2007-2008,সিমফাইসিস নিম্নের কোন অস্থি সন্ধি?,C,C,False,True,7.203193395999733,C,,
569,MAT 2006-2007,ম্যাট্রিক্সের গঠনের উপর ভিত্তি করে যেটি তরুণাস্থির প্রকারভেদে পড়বে না-,B,B,False,True,13.077161281999906,B,,
570,MAT 2004-2005,মানবদেহের সাইনোভিয়াল অস্থিসন্ধি নয় কোনটি?,D,D,False,True,4.970547167999939,D,,
571,MAT 2009-2010,চলনের সময় পায়ের কোন পেশি সংকোচন এর ফলে গোড়ালির অস্থিটিতে চাপ পড়ে ফলে গোড়ালি মাটি থেকে উত্থিত হয়?,B,B,False,True,7.587993428000118,B,,
572,MAT 2009-2010,নিম্নের কোন অস্থিতে মজ্জা গহ্বর নাই?,D,C,False,False,89.11694312800046,C,,
573,MAT 2004-2005,দাঁত ও চোয়াল কোটরের মধ্যস্থিত সন্ধি নিম্নের কোনটি?,A,A,False,True,5.009503940999821,A,,
574,MAT 2008-2009,ঐচ্ছিক পেশী পাওয়া যায়-,D,D,False,True,7.040674808000404,D,,
575,MAT 2008-2009,নিম্নের কোনটিতে ঐচ্ছিক পেশী থাকে না?,C,C,False,True,4.0831380910003645,C,,
576,MAT 2007-2008,নিম্নের কোন তথ্যটি সঠিক নয়?,D,D,False,True,7.636290852000457,D,,
577,MAT 2003-2004,নিম্নের কোনটি হৃদপেশীর বৈশিষ্ট্য নয়?,B,B,False,True,8.638221870000052,B,,
578,DAT 2008-2009,নিম্নের কোন তথ্যটি সঠিক?,B,B,False,True,9.101208508000127,B,,
579,DAT 2001-2002,হিউমেরাসের বাইসিপেটাল গ্রুভে যে পেশিটির প্রান্তীয় অবস্থান রয়েছে-,A,A,False,True,24.48284267500003,A,,
580,MAT 2012-2013,যেটি স্নায়ুতন্ত্রের সঙ্গে সম্পর্কিত নয়-,C,C,False,True,10.379854802999944,C,,
581,DAT 2010-2011,কোন এনজাইম স্নায়ু উদ্দীপনা পরিবহনে গুরুত্বপূর্ণ ভূমিকা পালন করে?,A,A,False,True,5.753045393999855,A,,
582,MAT 2011-2012,নিম্নের কোনটি দেহের ভারসাম্য রক্ষায় ভূমিকা রাখে না?,C,C,False,True,5.652785764999862,C,,
583,MAT 2007-2008,নিম্নের কোন করোটিক স্নায়ু চোয়ালের সঞ্চালনে সাহায্য করে?,A,A,False,True,5.070446344000629,A,,
584,MAT 2006-2007,নিম্নের কোন স্নায়ু ঘ্রাণের সঙ্গে জড়িত?,A,A,False,True,4.185886612999639,A,,
585,MAT 2006-2007,নিম্নের কোনটি সঠিক নয়?,A,A,False,True,14.062553106999985,A,,
586,MAT 2005-2006,নিম্নের কোনটি সঠিক নয়?,A,A,False,True,12.706726194000112,A,,
587,MAT 2005-2006,কোন তথ্যটি ফেসিয়াল স্নায়ুর জন্য সঠিক নয়?,B,B,False,True,83.88079590199959,B,,
588,MAT 2005-2006,ফেসিয়াল স্নায়ুর কাজ কোনটি?,D,D,False,True,11.60928547399999,D,,
589,DAT 2009-2010,নিম্নের কোন তথ্যটি হাইপোগ্লোসাল স্নায়ুর জন্য সঠিক নয়?,C,C,False,True,7.455055102999722,C,,
590,DAT 2008-2009,নিম্নের কোনটি দশম করোটিক স্নায়ু?,D,D,False,True,4.337895259999641,D,,
591,MAT 2010-2011,মল-মূত্র ত্যাগ নিয়ন্ত্রণ করে মস্তিষ্কের নিম্নের কোন অংশ?,A,D,False,False,16.812520586000574,D,,
592,MAT 2009-2010,মস্তিষ্ক সম্পর্কে নিম্নের কোন তথ্যটি সঠিক?,B,B,False,True,12.348391294000066,B,,
593,MAT 2007-2008,নিম্নের কোনটি সেরেব্রোস্পাইনাল ফ্লুইডের কাজ নয়?,D,,False,False,174.73640052799965,,request_error:,
594,MAT 2007-2008,নিম্নের কোনটি অগ্রমস্তিস্কের অংশ নয়?,B,B,False,True,7.0173319860004995,B,,
595,MAT 2006-2007,"আবেগ, উদ্বেগ প্রভৃতির প্রধান কেন্দ্র হিসেবে কাজ করে-",C,C,False,True,9.784080792000168,C,,
596,MAT 2004-2005,হাইপোথ্যালামাসের কাজ কোনটি?,A,A,False,True,5.733203486000093,A,,
597,MAT 2002-2003,নিম্নের কোনটি সেরেবেলামের কাজ নয়?,D,D,False,True,6.364834063999297,D,,
598,MAT 2007-2008,নিম্নের কোনটি চোখের কোরয়েড-এর অংশ নয়?,A,A,False,True,168.64030237600036,A,,
599,MAT 2007-2008,নিম্নে উল্লেখিত চোখের কোন অংশে বস্তুর প্রতিবিম্ব সৃষ্ট হয়?,D,D,False,True,3.2959321959997396,D,,
600,MAT 2006-2007,কোন উক্তিটি সত্য নয়?,B,B,False,True,50.466358923999906,B,,
601,MAT 2006-2007,কোনটি অক্ষিপেশী নয়?,C,A,False,False,11.574337672000183,A,,
602,DAT 2003-2004,নিম্নের কোনটি দৃষ্টির ত্রুটি নয়?,B,B,False,True,40.2396756170001,B,,
603,MAT 2001-2002,হার্ডেরিয়ান গ্রন্থির অবস্থান যেখানে-,B,B,False,True,5.212891567999577,B,,
604,MAT 2000-2001,যেটি সত্য নয়-,A,A,False,True,19.681832940000277,A,,
605,MAT 1991-1992,মানুষের চোখের ভিতরে আলোর পরিমাণ নিয়ন্ত্রণ করে-,D,D,False,True,9.32579083499968,D,,
606,MAT 1990-1991,কোনটি সত্য?,A,,False,False,174.33810427699973,,request_error:,
607,MAT 1988-1989,রডোপসিন চোখের কোন অংশে পাওয়া যায়?,A,A,False,True,3.864010913999664,A,,
608,MAT 1988-1989,চোখের কনজাংক্টিভা সিক্ত রাখে-,A,A,False,True,17.54543999999987,A,,
609,DAT 2008-2009,নিম্নের কোনটি চোখের কোরয়েডের অংশ?,B,D,False,False,171.59644949199992,D,,
610,MAT 2007-2008,নিম্নের কোনটি শরীরের ভারসাম্য রক্ষা করে?,C,C,False,True,4.146442971999932,C,,
611,MAT 2005-2006,কোনটি মানুষের কানের ক্যুপুলার কাজ?,D,D,False,True,16.25646491399948,D,,
612,MAT 2000-2001,কর্ণাস্থি স্টেপিস অন্তঃকর্ণ ও মধ্যকর্ণের মধ্যবর্তী প্রাচীরে যে পর্দার সঙ্গে যুক্ত থাকে সেটি হল-,C,C,False,True,8.089904067000134,C,,
613,MAT 1992-1993,কোন অঙ্গটির অবস্থান সম্পর্কবোধ সৃষ্টি করে?,B,B,False,True,23.620761596999728,B,,
614,MAT 1990-1991,কর্ণপটহের ভিতরে ও বাইরে বায়ুর চাপের সমতা রক্ষা করে-,C,C,False,True,4.998315470000307,C,,
615,MAT 1989-1990,অর্গান অব কর্টি কোথায় থাকে?,C,C,False,True,14.556693298000027,C,,
616,MAT 1989-1990,শ্রবণ ছাড়াও কর্ণের অন্যতম কাজ-,C,C,False,True,4.605344321999837,C,,
617,MAT 1988-1989,কোন অস্থিটি মধ্যকর্ণে নেই?,C,C,False,True,4.306695336000303,C,,
618,DAT 2009-2010,নিম্নের কোনটি বহিঃকর্ণে থাকে?,C,C,False,True,3.7159035000004224,C,,
619,MAT 2011-2012,পিটুইটারী গ্রন্থি সম্পর্কে কোন তথ্যটি সঠিক নয়?,C,C,False,True,9.803144503999647,C,,
620,MAT 2010-2011,নিম্নের কোন হরমোন আয়নের সমতা রক্ষার কাজ করে?,A,A,False,True,3.309925583000222,A,,
621,MAT 2009-2010,নিম্নের কোনটি হৃদপিন্ডের সংকোচনের শক্তিকে বাড়ায়?,C,C,False,True,4.208280726000339,C,,
622,MAT 2009-2010,পোস্টেরিয়র পিটুইটারী থেকে নিম্নের কোন হরমোন নিঃসরণ হয়?,B,B,False,True,3.24558797499958,B,,
623,MAT 2008-2009,নিম্নের কোন হরমোন থাইরয়েড গ্রন্থি থেকে নিঃসৃত হয় না?,A,A,False,True,6.457515665000756,A,,
624,MAT 2008-2009,নিম্নে উল্লেখিত কোনটি থেকে টেস্টোস্টেরণ হরমোন নিঃসৃত হয়?,C,C,False,True,5.34806083499916,C,,
625,MAT 2004-2005,ইনসুলিন নিঃসৃত হয় কোনটি থেকে?,D,D,False,True,4.704964800999733,D,,
626,MAT 2004-2005,হরমোনের বৈশিষ্ট্য নয় কোনটি?,C,C,False,True,6.633004365000488,C,,
627,MAT 1999-2000,যে গ্রন্থিটি ক্যালসিয়াম বিপাকে সাহায্য করে-,D,D,False,True,2.727559736999865,D,,
628,MAT 1997-1998,পিটুইটারী গ্রন্থির পশ্চাৎবর্তী অংশ হতে কোন হরমোনটি নিঃসৃত হয়?,C,C,False,True,5.577462786000069,C,,
629,MAT 1990-1991,নালিবিহীন গ্রন্থি কোনটি?,C,C,False,True,5.229376802999468,C,,
630,MAT 1990-1991,প্যারাথাইরয়েড গ্রন্থি থেকে নিঃসৃত হরমোন-,D,D,False,True,4.82023725199997,D,,
631,MAT 1988-1989,কোনটি অন্তঃক্ষরা গ্রন্থি নয়?,A,A,False,True,4.452938196999639,A,,
632,MAT 1988-1989,মানবদেহের সর্ববৃহৎ গ্রন্থি কোনটি?,C,C,False,True,3.6650466040000538,C,,
633,MAT 2012-2013,নিম্নের কোনটি পুরুষ প্রজননতন্ত্রের অন্তর্ভূক্ত নয়?,C,C,False,True,5.094116604999726,C,,
634,MAT 2010-2011,মানুষের শুক্রানু প্রতি সেকেন্ডে কত মিলিমিটার পথ অতিক্রম করতে পারে?,B,B,False,True,13.624300131999917,B,,
635,MAT 2009-2010,নিম্নের কোন তথ্যটি সঠিক নয়?,A,A,False,True,50.48311447499964,A,,
636,MAT 2003-2004,স্ক্রোটামের অভ্যন্তরীণ তাপমাত্রা দেহ গহ্বর থেকে কত কম বা বেশী?,D,D,False,True,60.23409030499988,D,,
637,MAT 2011-2012,কোনটি উওজেনেসিসে ঘটে না?,D,D,False,True,7.268235126000036,D,,
638,MAT 2009-2010,নিম্নের কোনটি সঠিক?,A,ACD,False,False,54.711933885999315,"A,C,D",,
639,MAT 2008-2009,নিম্নের কোন তথ্যটি সঠিক নয়?,C,C,False,True,9.858761086999948,C,,
640,MAT 2004-2005,সাধারণত রজঃচক্র কতদিন স্থায়ী হয়?,D,D,False,True,25.03711318400019,D,,
641,MAT 2003-2004,যেটি গর্ভাবস্থায় অমরার কাজ নয়-,A,A,False,True,26.61948061200019,A,,
642,MAT 1990-1991,স্ত্রীলিঙ্গের কোন অংশে ভ্রূণ বর্ধিত হয়?,C,C,False,True,3.486732790000133,C,,
643,MAT 1990-1991,ডিম্বাণুতে কতটি ক্রোমোসোম থাকে?,D,D,False,True,6.1208059239997965,D,,
644,DAT 2010-2011,মানুষের জরায়ু গর্ভাবস্থায় কত গুণ বৃদ্ধি পায়?,B,B,False,True,11.87228642700029,B,,
645,DAT 2010-2011,ফিলোপিয়ান টিউব কোথায় থাকে?,C,C,False,True,3.3938168880004014,C,,
646,DAT 2010-2011,জরায়ুর প্রাচীর কয়টি স্তরে বিভক্ত?,D,D,False,True,6.388383487999818,D,,
647,,ডিম্বাশয় কোন পেরিটোনিয়াম পর্দা দ্বারা আবৃত?,C,C,False,True,9.375279889000012,C,,
648,DAT 2000-2001,নিচের কোনটি স্ত্রী প্রজননতন্ত্রের অংশ নয়?,C,C,False,True,4.187339665999389,C,,
649,DAT 1994-1995,ফেলোপিয়ান নালির যে অংশ জরায়ু প্রাচীরের কাছে থাকে-,A,A,False,True,9.778403549000359,A,,
650,DAT 1994-1995,যোনি প্রাচীরের ভাঁজকে বলা হয়-,A,A,False,True,6.824386798999512,A,,
651,DAT 1992-1993,নারীর বয়ঃপ্রাপ্তিতে কোন হরমোনের ভূমিকা নেই?,D,D,False,True,10.484603566999795,D,,
652,MAT 2008-2009,নিম্নলিখিত কোনটি মেসোডার্ম থেকে গঠিত হয় না?,A,A,False,True,7.352261527000337,A,,
653,MAT 2007-2008,নিম্নের কোনটি ভ্রূণের এক্টোডার্ম থেকে তৈরি?,D,D,False,True,3.991790664000291,D,,
654,MAT 2005-2006,কোনটি অ্যালানটয়েসের কাজ নয়?,A,A,False,True,13.205849909999415,A,,
655,MAT 2005-2006,উওজেনেসিসে মোট পোলারবডি তৈরী হয়-,C,C,False,True,9.522728074000042,C,,
656,MAT 2005-2006,নিচের কোনটি গ্যামিটোজেনেসিসের জন্য সঠিক নয়?,B,B,False,True,21.14394161600012,B,,
657,MAT 2005-2006,কোনটি উওজেনেসিসের জন্য প্রযোজ্য নয়?,C,A,False,False,28.63198813300005,A,,
658,MAT 2005-2006,ট্রফোব্লাস্ট থেকে ভিলাই বেরোতে থাকে-,C,C,False,True,11.109427221999795,C,,
659,MAT 2005-2006,স্নায়ুতন্ত্র গঠিত হয়-,A,A,False,True,5.884635619000619,A,,
660,MAT 2001-2002,কোনটি উওজেনেসিসের ক্ষেত্রে প্রযোজ্য নয়?,A,A,False,True,16.089866504999918,A,,
661,DAT 2004-2005,যকৃত ও অগ্ন্যাশয় সৃষ্টি হয় কোনটি থেকে?,A,A,False,True,5.735981351999726,A,,
662,DAT 2004-2005,কোনটি মেসোডার্ম থেকে তৈরি হয়?,A,A,False,True,7.302536386000611,A,,
663,DAT 2000- 2001,ব্লাস্টোসিস্ট মানুষের জরায়ুর কোন স্তরে গ্রথিত হয়?,C,C,False,True,4.497603883000011,C,,
664,DAT 2000- 2001,মানুষের ডিম্বাণু কোন ধরনের?,D,D,False,True,6.2900186369997755,D,,
665,DAT 1994-1995,আবরণী কলার কোষগুলো ভ্রূণের কোন স্তর হতে উৎপন্ন হয়?,A,A,False,True,27.703129580999303,A,,
666,MAT 2004-2005,ইন্টারফেরনের কাজ নয় কোনটি?,C,C,False,True,8.549505844000123,C,,
667,DAT 2010-2011,নিচের কোন গ্রন্থি মোমের মতো আঠালো পদার্থ তৈরি করে?,B,B,False,True,5.759516668000288,B,,
668,DAT 2009-2010,নিচের কোনটি এককোষী গ্রন্থি?,A,A,False,True,7.027800992999801,A,,
669,DAT 2007-2008,সিবাম নিচের কোন গ্রন্থি থেকে নিঃসৃত হয়?,B,B,False,True,7.00331532600012,B,,
670,DAT 2008-2009,মৃত Salmonella typhi জীবাণু থেকে নিম্নের কোনটি তৈরি করা হয়?,B,B,False,True,3.9452170980002848,B,,
671,MAT 2003-2004,বংশগতি বিদ্যার জনক গ্রেগর জোহান মেন্ডেল কোন দেশে জন্ম গ্রহণ করেন?,A,A,False,True,5.072964316999787,A,,
672,MAT 2001-2002,প্রথম সংকর পুরুষের সাথে প্রচ্ছন্ন বা প্রকট বংশধরের ক্রস হলো-,B,B,False,True,12.827809922999222,B,,
673,DAT 2012-2013,যে জিন বৈশিষ্ট্য প্রকাশে বাধা পায় তাকে বলে-,A,A,False,True,7.641984887000035,A,,
674,DAT 2009-2010,বংশগতির ধারক নিম্নের কোনটি?,C,C,False,True,3.6961844460001885,C,,
675,DAT 2006-2007,জীবের প্রকাশিত লক্ষণকে বলা হয়-,C,C,False,True,3.2892740310007866,C,,
676,DAT 2005-2006,জিনতত্ত্বের জন্য কোনটি সঠিক নয়?,B,B,False,True,13.446113026000603,B,,
677,DAT 2003-2004,যে জীনটি অপর জীনের বৈশিষ্ট্য প্রকাশে বাধা দান করে সে জীনকে বলে-,A,A,False,True,7.8088789889998225,A,,
678,MAT 2013-2014,লিথাল জিন-এর প্রভাব নেই কোন রোগে?,C,,False,False,174.58519633099968,,request_error:,
679,DAT 2012-2013,লিথাল জীন বর্ণনা করেন সর্বপ্রথম কোন বিজ্ঞানী?,A,A,False,True,4.6604313679999905,A,,
680,MAT 2008-2009,নিচের কোনটি দ্বৈত-প্রচ্ছন্ন এপিস্ট্যাসিস অনুপাত?,B,B,False,True,6.90756602700003,B,,
681,MAT 2000-2001,বংশগতির পরীক্ষার জন্য মেন্ডেল কোন গাছ নির্বাচন করেছিলেন?,B,B,False,True,5.599915156000861,B,,
682,MAT 1995-1996,মেন্ডেলের সূত্রের প্রকৃত ব্যতিক্রম কোনটি?,B,B,False,True,10.288466755000627,B,,
683,MAT 1995-1996,মেন্ডেলের দ্বিতীয় সূত্রে জিনের স্বাধীন সঞ্চারণ না ঘটলে জিনোটাইপের অনুপাত হবে-,D,B,False,False,49.330985997000425,B,,
684,DAT 2003-2004,প্রকট এপিস্ট্যাসিস এ ব্যতিক্রমধর্মী অনুপাত হল-,C,C,False,True,172.77493300399965,C,,
685,MAT 2013-2014,নিচের কোনটি সেক্স-লিংকড অসুখ নয়?,C,B,False,False,128.90598614899955,B,,
686,MAT 2012-2013,"একজন বাদামি চোখবিশিষ্ট পুরুষ যার বাবার চোখ বাদামি কিন্তু মায়ের চোখ নীল বর্ণের, যদি নীল চোখবিশিষ্ট মহিলাকে বিয়ে করেন তবে তাঁদের সন্তানের চোখের বৈশিষ্ট্য কী হারে পাওয়া যাবে?",A,A,False,True,8.490732792000017,A,,
687,DAT 2004-2005,যকৃত ও অগ্ন্যাশয় সৃষ্টি হয় কোনটি থেকে?,A,A,False,True,6.699805030999414,A,,
688,MAT 2006-2007,পুরুষের ক্ষেত্রে কোনটি সঠিক?,A,A,False,True,8.079483767000056,A,,
689,MAT 1992-1993,মানব কোষে সেক্স ক্রোমোসোমের সংখ্যা কত?,D,D,False,True,5.141355664000002,D,,
690,DAT 2006-2007,বর্ণান্ধ পুরুষ ও স্বাভাবিক মহিলার মধ্যে বিয়ে হলে তাদের সন্তান হতে পারে-,B,AB,False,False,55.828694050000195,"A,B",,
691,DAT 2003-2004,নিচের কোনটি সেক্স-লিংকড বৈশিষ্ট্যের উদাহরণ নয়?,B,B,False,True,26.107221784000103,B,,
692,MAT 2010-2011,Rh negative রক্তের গ্রুপ নিচের কোন জনগোষ্ঠীর মধ্যে সবচেয়ে বেশি পাওয়া যায়?,C,C,False,True,4.714079790000142,C,,
693,MAT 2008-2009,নিম্নের কোনটি ব্লাড গ্রুপের নির্দিষ্ট এন্টিজেন না?,D,D,False,True,16.374679540000216,D,,
694,MAT 2007-2008,নিচে উল্লিখিত কোন বিজ্ঞানী মানুষের রক্তের শ্রেণিবিন্যাস করেন?,C,C,False,True,2.610717379999187,C,,
695,DAT 2010-2011,উইসাং নালি কোথায় অবস্থিত?,C,C,False,True,4.960103529000662,C,,
696,DAT 2009-2010,নিম্নের কোনটি সঠিক নয়?,D,D,False,True,8.087911667000299,D,,
697,DAT 2009-2010,নিম্নের বামদিকের কোনটি ডানদিকের কোনটির সঙ্গে সামঞ্জস্যপূর্ণ?,C,C,False,True,26.34677895799996,C,,
698,DAT 2004-2005,যকৃতের কাজ নয় কোনটি?,B,B,False,True,13.713832493000154,B,,
699,DAT 2001-2002,অগ্ন্যাশয় কেবল-,D,D,False,True,8.285053931999755,D,,
700,DAT 2000-2001,কোন অংশটি বৃহদান্ত্রের?,D,D,False,True,4.0946386730001905,D,,
701,DAT 2000-2001,যকৃতনালি পিত্তনালির সাথে মিলিত হয়ে অভিন্ন পিত্তনালি তৈরি করে। এই অভিন্ন নালি ভ্যাটার এর অ্যাম্পুলা নামে নালির মাধ্যমে কোথায় উন্মুক্ত হয়?,C,C,False,True,3.7837433080003393,C,,
702,MAT 1993-1994,সিক্রেটিন ও প্যানক্রিওজাইমিন কোনটির নিঃসরণ ঘটায়?,A,A,False,True,7.213678110000728,A,,
703,MAT 1991-1992,গ্যাস্ট্রিক রস কিসের প্রভাবে নিঃসৃত হয়?,C,C,False,True,12.43560650100062,C,,
704,MAT 1989-1990,কোন রসে উৎসেচক থাকে না?,D,D,False,True,4.548019246999502,D,,
705,MAT 2011-2012,নিম্নের কোনটি অগ্ন্যাশয় থেকে নিঃসৃত হয় না?,C,C,False,True,4.375548437999896,C,,
706,MAT 2005-2006,কোনটি অগ্ন্যাশয় রসে থাকে না?,A,A,False,True,5.912518276999435,A,,
707,MAT 2004-2005,মানবদেহে পিত্ত উৎপন্ন হয়-,B,B,False,True,3.431175016000452,B,,
708,MAT 1989-1990,নিম্নের কোনটি সঠিক নয়?,B,BC,False,False,29.721774487000403,"B,C",,
709,MAT 2003-2004,অগ্ন্যাশয়ের আইলেটস অব ল্যাঙ্গারহ্যান্স নিম্নের কোন হরমোন নিঃসৃত করে?,D,D,False,True,3.88308020400018,D,,
710,DAT 2010-2011,নিচের কোন বিক্রিয়াটি সঠিক?,D,,False,False,174.25655243299934,,request_error:,
711,DAT 2007-2008,পাকস্থলীর পাচক রসে নিম্নের কোনটি অনুপস্থিত?,B,B,False,True,11.54776482699981,B,,
712,DAT 2006-2007,মানবদেহের পরিপাকের জন্য কোনটি সঠিক এনজাইমের উদাহরণ নয়?,D,,False,False,174.5514766920005,,request_error:,
713,DAT 2004-2005,কোনটি পাকস্থলীর গ্রন্থি থেকে নিঃসৃত হয় না?,D,D,False,True,7.079116224000245,D,,
714,DAT 1994-1995,আমিষ জাতীয় খাদ্য পরিপাকের উৎসেচক কোনটি?,B,B,False,True,5.874209505000181,B,,
715,DAT 1991-1992,প্রোটিন পরিপাক-,A,A,False,True,8.920436534000146,A,,
716,MAT 2001-2002,আমিষ জাতীয় খাদ্য পরিপাকে সাহায্য করে-,B,B,False,True,3.652969146999567,B,,
717,MAT 2001-2002,কোন উৎসেচকটি দুগ্ধ প্রোটিন পরিপাকে সাহায্য করে?,D,D,False,True,8.954174582999258,D,,
718,MAT 2001-2002,পাকস্থলীতে HCI তৈরি করে কোন কোষ?,A,A,False,True,4.259416179999789,A,,
719,MAT 1992-1993,মানবদেহের সর্ববৃহৎ গ্রন্থি কোনটি?,C,C,False,True,4.914105703999667,C,,
720,MAT 2016-2017,কোনটি ক্ষুদ্রান্ত্রের অংশ নয়?,C,C,False,True,3.9091865259997576,C,,
721,MAT 2016-2017,নিচের কোন BMI (Body Mass Index) অতিরিক্ত ওজন নির্দেশ করে?,B,B,False,True,4.7223378689996025,B,,
722,MAT 2016-2017,নিউক্লিয়াসবিহীন কোষ হলো-,A,A,False,True,4.188962350999645,A,,
723,MAT 2016-2017,মানুষের স্বাভাবিক রক্ত ক্ষরণকাল-,C,C,False,True,18.624728004000644,C,,
724,MAT 2016-2017,একই সাথে শরীরে রক্তে অক্সিজেনের ঘনত্ব ও হৃৎস্পন্দনের পরিমাপক যন্ত্রের নাম কি?,C,C,False,True,2.903601234999769,C,,
725,MAT 2016-2017,হৃদযন্ত্রের রোগ নির্ণয়ে প্রাথমিক পরীক্ষা কোনটি?,C,C,False,True,4.2469952539995575,C,,
726,MAT 2016-2017,কৃত্রিম পেসমেকার যন্ত্রে কোন ব্যাটারি ব্যবহার করা হয়?,D,D,False,True,6.88771544500014,D,,
727,MAT 2016-2017,শ্বসন কেন্দ্র অবস্থিত কোথায়?,A,A,False,True,9.039291740999943,A,,
728,MAT 2016-2017,কোনটি প্যারানাসাল সাইনাস নয়?,D,D,False,True,4.182735910999327,D,,
729,MAT 2016-2017,মানুষের কব্জিতে হাড়ের সংখ্যা কত?,B,B,False,True,2.6109645670003374,B,,
730,MAT 2015-2016,নিচের কোনটি মিনারেলোকোর্টিকয়েড হরমোনের কাজ নয়?,C,C,False,True,6.901024736999716,C,,
731,MAT 2015-2016,কোনটি মিশ্র গ্রন্থি?,B,B,False,True,3.4892021559999193,B,,
732,MAT 2015-2016,সিমেন তৈরির জন্য পিচ্ছিল পদার্থ ক্ষরণ করে কোন অঙ্গ?,A,A,False,True,12.03477458100042,A,,
733,MAT 2015-2016,ব্যাকটেরিয়া ধ্বংসে অ্যান্টিবডিকে সহায়তা করে কোনটি?,A,A,False,True,6.358373365999796,A,,
734,MAT 2015-2016,হোমোলোগাস ক্রোমোজোমের একটি লোকাসে দুটি জিন একত্রে থাকাকে কী বলে?,B,B,False,True,11.575346366999838,B,,
735,MAT 2015-2016,জেলিফিশ কোন পর্বের প্রাণী?,A,A,False,True,3.88571040899933,A,,
736,MAT 2015-2016,কোন প্রাণী অযৌন ও যৌন দুভাবেই প্রজনন সম্পন্ন করে?,B,B,False,True,7.913813483000013,B,,
737,MAT 2015-2016,ঘাসফড়িং এর অগ্রভাগের সরু ও শক্ত ডানাদ্বয়কে কী বলে?,D,D,False,True,6.100489913999809,D,,
738,MAT 2015-2016,কোন ভিটামিন পানিতে দ্রবণীয়?,C,C,False,True,2.7600199629996496,C,,
739,MAT 2015-2016,পেপসিনের ক্ষেত্রে কোনটি সত্য নয়?,A,A,False,True,11.643227839999781,A,,
740,MAT 2015-2016,কোনটি অদানাদার শ্বেত কণিকা?,B,B,False,True,5.654532221999943,B,,
741,MAT 2015-2016,স্বাভাবিক অবস্থায় মানবদেহের রক্তের pH এর মান-,B,B,False,True,2.809481324999979,B,,
742,MAT 2015-2016,নিচের কোনটি পালমোনারি সংবহনের অংশ নয়?,D,D,False,True,7.046822774999782,D,,
743,MAT 2015-2016,কোন চক্রের মাধ্যমে যকৃতে ইউরিয়া তৈরি হয়?,C,C,False,True,4.0931200269997134,C,,
744,MAT 2015-2016,নিচের কোনটি বক্ষ অস্থিচক্রের হাড়?,B,B,False,True,4.085053844999493,B,,
745,MAT 2015-2016,মানুষের নবম জোড়া করোটিক স্নায়ুর নাম কী?,D,D,False,True,6.017832446000284,D,,
746,MAT 2014-2015,মস্তিষ্কের কোন অংশে ক্ষুধা নিয়ন্ত্রণ কেন্দ্র অবস্থিত?,C,C,False,True,3.5976606360000005,C,,
747,MAT 2014-2015,ডায়েনসেফালনের মধ্যস্থ গহবরটিকে কী বলে?,D,D,False,True,7.167326460000368,D,,
748,MAT 2014-2015,পিউপিলের অবস্থান কোথায়?,C,C,False,True,5.615248148999854,C,,
749,MAT 2014-2015,মেলানিন রঞ্জকে রঞ্জিত স্তর কোনটি?,B,B,False,True,9.408972816000642,B,,
750,MAT 2014-2015,অগ্ন্যাশয়ের আলফা কোষ থেকে নিঃসৃত হয়—,D,D,False,True,4.21455029200024,D,,
751,MAT 2014-2015,কোন গ্রন্থির ক্ষরণকাল আজীবন নয়?,C,C,False,True,7.124023893999947,C,,
752,MAT 2014-2015,নিচের কোনটি ভ্রূণীয় এক্টোডার্ম স্তর থেকে তৈরি হয়?,C,C,False,True,6.3168776349994005,C,,
753,MAT 2014-2015,মানুষের দেহকোষে কতটি অটোজোম থাকে?,B,B,False,True,4.242888816999766,B,,
754,MAT 2014-2015,নিচের কোনটির দ্বারা গনোরিয়া রোগ হয়?,C,C,False,True,3.0500425829995947,C,,
755,MAT 2014-2015,ভ্রান্ত সিলোমযুক্ত প্রাণীর পর্ব কোনটি?,B,B,False,True,5.6721213880000505,B,,
756,MAT 2014-2015,হাইড্রার মুকুল কী কাজে ব্যবহৃত হয়?,A,A,False,True,4.696828929000731,A,,
757,MAT 2014-2015,রক্তস্রোতে থাকা অতিরিক্ত গ্লুকোজ থেকে যকৃতে সঞ্চিত পলিস্যাকারাইড হলো-,D,D,False,True,4.224917069999719,D,,
758,MAT 2014-2015,মাইক্রোভিলাইগুলো একত্রিতভাবে ক্ষুদ্রান্ত্রের উপরিভাগে কী সৃষ্টি করে?,A,A,False,True,6.253286272999503,A,,
759,MAT 2014-2015,স্থূলতার সহিত সম্পর্কযুক্ত রোগ কোনটি?,C,C,False,True,6.527069128000221,C,,
760,MAT 2014-2015,ফুসফুসের গঠন ও কার্যগত একক-,C,C,False,True,3.779407294000521,C,,
761,MAT 2014-2015,স্বাভাবিক মূত্রের বর্ণ হালকা হলুদ হয় কিসের উপস্থিতিতে?,B,B,False,True,4.885804535999341,B,,
762,MAT 2014-2015,নিচের কোনটি ক্লাভিকলের বৈশিষ্ট্য?,A,A,False,True,26.158697286999995,A,,
763,MAT 2014-2015,চলনের সময় হাঁটুকে ভাঁজ করে কোন মাংসপেশী?,C,C,False,True,3.552008079999723,C,,
764,MAT 2014-2015,মেরুদন্ডের এটলাস ও এক্সিসের মধ্যবর্তী অস্থিসন্ধি কোনটি?,C,C,False,True,9.289091697999538,C,,
765,MAT 2014-2015,মোটর প্রকৃতির স্নায়ু কোনটি?,A,A,False,True,4.940557754999645,A,,
766,AFMC 2020-2021,সন্তান প্রসবে কোন হরমোন সাহায্য করে?,A,A,False,True,3.3704205590001948,A,,
767,AFMC 2020-2021,মায়ের দুধে কি ধরনের প্রতিরক্ষা থাকে?,B,B,False,True,7.583635601000424,B,,
768,AFMC 2020-2021,অ্যান্টিবডি ক্ষরণ করে কোন কোষ?,C,C,False,True,3.36391282600016,C,,
769,AFMC 2020-2021,সর্বপ্রথম ভ্যাক্সিন কত সালে আবিষ্কৃত হয়?,A,A,False,True,3.118576858999404,A,,
770,AFMC 2020-2021,কোনটি সেক্স লিংকড ডিসঅর্ডার নয়?,A,A,False,True,5.32049570900017,A,,
771,AFMC 2020-2021,কোয়াগুলেশন ফ্যাক্টর কোনটির অভাবে হিমোফিলিয়া হয়?,C,C,False,True,5.241224826000689,C,,
772,AFMC 2020-2021,সপ্তম করোটিক স্নায়ু কোনটি?,C,C,False,True,6.627674534999642,C,,
773,MAT 2017-2018,মানবদেহে ক্যালসিয়াম ও ফসফরাসের বিপাক নিয়ন্ত্রণ করে কোন গ্রন্থি?,C,C,False,True,4.490000166000755,C,,
774,MAT 2017-2018,মানব দেহে নিষেক প্রক্রিয়া কোথায় সংঘটিত হয়?,B,B,False,True,4.204900278999958,B,,
775,MAT 2017-2018,প্রথম টেস্টটিউব বেবির নাম কী?,A,A,False,True,3.9827060130000973,A,,
776,MAT 2017-2018,নিচের কোনটি মানুষের প্রাথমিক প্রতিরোধ ব্যবস্থা নয়?,C,C,False,True,8.614541809000002,C,,
777,MAT 2017-2018,নিচের কোনটি সেক্স-লিংকড ডিসঅর্ডার নয়?,B,B,False,True,5.951778913999988,B,,
778,MAT 2017-2018,মারসুপিয়াল স্তন্যপায়ী প্রাণী কোন মহাদেশে পাওয়া যায়?,C,C,False,True,2.2921512820003045,C,,
779,MAT 2017-2018,নিচের কোনটি দ্বিঅরীয় প্রতিসাম্য প্রাণীর উদাহরণ?,C,C,False,True,14.996890193999207,C,,
780,MAT 2017-2018,হাইড্রার খাদ্য নয় কোনটি?,D,D,False,True,4.856573054999899,D,,
781,MAT 2017-2018,ঘাসফড়িংয়ের রক্ত সংবহনতন্ত্রের অংশ নয় কোনটি?,B,B,False,True,21.624643064999873,B,,
782,MAT 2017-2018,স্ত্রী রুইমাছ ডিম পাড়ে কখন?,C,C,False,True,7.024084345000119,C,,
783,MAT 2017-2018,নিচের কোন হরমোনটি পাকস্থলীর হাইড্রোক্লোরিক অ্যাসিড নিঃসরণ নিয়ন্ত্রণ করে?,D,D,False,True,9.651258947000315,D,,
784,MAT 2017-2018,নিচের কোনটি তৈরির প্রক্রিয়াকে এরিথ্রোপোয়েসিস বলে?,A,A,False,True,4.649594698999863,A,,
785,MAT 2017-2018,হৃদ-ফুসফুস যন্ত্র (Heart-Lung Machine) কোন কাজে ব্যবহৃত হয়?,B,B,False,True,4.076964941999904,B,,
786,MAT 2017-2018,হেনলির লুপের অবস্থান বৃক্কের কোথায়?,A,A,False,True,6.325888752000537,A,,
787,MAT 2017-2018,মানবদেহের করোটিকাতে কতগুলো অস্থি আছে?,A,,False,False,174.48587897000016,,request_error:,
788,MAT 2017-2018,পূর্ণ সংবেদী স্নায়ু নয় কোনটি?,B,B,False,True,7.080233814000167,B,,
789,MAT 2016-2017,প্রাপ্তবয়স্ক মানুষের মস্তিষ্কে নিউরনের সংখ্যা কত?,C,C,False,True,21.53976656299983,C,,
790,MAT 2016-2017,নিচের কোনটি মিশ্র গ্রন্থি নয়?,D,D,False,True,5.415962820999994,D,,
791,MAT 2016-2017,বুকের দুধে কোন ধরনের ইমিউনোগ্লোবিন (Ig) থাকে?,A,D,False,False,4.887784096999894,D,,
792,MAT 2016-2017,"কনে হিমোফিলিয়া বাহক, বর সুস্থ, এদের সন্তানদের ক্ষেত্রে কোনটি মিথ্যা?",B,B,False,True,11.073676805000105,B,,
793,MAT 2016-2017,ফিলোসফিকা জুওলজিক' গ্রন্থের রচয়িতা কে?,B,B,False,True,4.546929373000239,B,,
794,MAT 2016-2017,জুরাসিক সময়কাল বলা হয় কত আগের সময়কে?,B,A,False,False,13.710696656999971,A,,
795,MAT 2024-2025,মস্তিষ্কের কোন অংশ মানুষের ক্ষুধা নিয়ন্ত্রণ করে?,C,C,False,True,3.0308637860007366,C,,
796,MAT 2024-2025,ডেলটয়েড টিউবারসিটি কোন অস্থির অংশ?,D,D,False,True,4.351421812000808,D,,
797,MAT 2024-2025,ফুসফুসের আবরণকে কি বলে?,D,D,False,True,4.48688295699958,D,,
798,MAT 2024-2025,নিচের কোনটি মানুষের দ্বিতীয় মস্তিষ্ক হিসাবে পরিচিত?,B,B,False,True,5.008590164000452,B,,
799,MAT 2024-2025,কানের কোন অংশ ভারসাম্য রক্ষায় কাজ করে?,B,B,False,True,4.79063927199968,B,,
800,MAT 2024-2025,নিচের কোন হরমোনটি মানুষের ডিম্বাশয় থেকে নিঃসৃত হয়??,C,C,False,True,4.237578616999599,C,,
801,MAT 2024-2025,কোন চক্রের মাধ্যমে যকৃতে ইউরিয়া তৈরী হয়?,B,B,False,True,4.639447174000452,B,,
802,MAT 2024-2025,কোন এন্টিবডি প্রধানত এলার্জির সাথে সংশ্লিষ্ট?,D,D,False,True,3.5296130020005876,D,,
803,MAT 2024-2025,মানবদেহে সপ্তম করোটিক স্নায়ুর নাম কি?,B,B,False,True,7.024381117999837,B,,
804,MAT 2024-2025,এনজিওপ্লাস্টি করলে কি হয়?,B,B,False,True,6.866944039000373,B,,
805,MAT 2024-2025,কোন কোষ হেপারিন তৈরী ও নিঃসরণ করে?,D,D,False,True,4.388652444999934,D,,
806,MAT 2024-2025,ডাক্টাস ক্যুভেইরি রুই মাছের কোন তন্ত্রের অংশ?,B,B,False,True,8.057606993999798,B,,
807,MAT 2024-2025,পেসমেকারের কাজ কি?,D,D,False,True,5.050136316000135,D,,
808,MAT 2024-2025,"পূর্ণবয়স্ক সুস্থ মানুষের দুই বৃক্কে প্রতি মিনিটে মোট রক্ত সঞ্চালনের
পরিমাণ-",D,D,False,True,7.600115801999891,D,,
809,MAT 2024-2025,কোনটির উপস্থিতিতে স্নেহ পদার্থের ইমালসিফিকেশন হয়?,A,A,False,True,4.260285322000527,A,,
810,MAT 2024-2025,নিচের কোনটি নাইট্রোজেনবিহীন পদার্থ?,A,A,False,True,6.568536746999598,A,,
811,MAT 2022-2023,মুখে খাওয়ার পোলিও ভ্যাকসিনটি কোন ধরনের ভ্যাকসিন?,B,B,False,True,8.90668466599982,B,,
812,MAT 2022-2023,নিচের কোনটি ম্যাক্রোফেজের কাজ নয়?,B,B,False,True,6.838408792999871,B,,
813,MAT 2022-2023,অন্তঃশ্বসন-,AB,B,True,False,58.70352359499975,B,,
814,MAT 2022-2023,Mollusca এর ক্ষেত্রে কোনটি সঠিক?,B,B,False,True,15.567855202000828,B,,
815,MAT 2022-2023,গ্লুকাগন-,D,D,False,True,7.354645586000515,D,,
816,MAT 2022-2023,মানবদেহে কোনটি লুপ্তপ্রায় অংগ?,B,B,False,True,21.230572688000393,B,,
817,MAT 2022-2023,কোন উদ্দীপনা অ্যানিমোট্যাক্সিসকে প্রভাবিত করে?,A,A,False,True,4.525428846999603,A,,
818,MAT 2022-2023,মায়োফাইব্রিলে কি ধরনের আমিষ থাকে?,A,A,False,True,4.1217205970006034,A,,
819,MAT 2022-2023,অন্ত্রের প্রথম প্রতিরক্ষার স্তর কোনটি?,A,A,False,True,10.31760433099953,A,,
820,MAT 2022-2023,বুকের দুধের কোন উপাদানটি নবজাতকের প্রতিরক্ষায় কার্যকর?,B,B,False,True,5.139037167000424,B,,
821,DAT 2021-2022,নিচের কোন স্তন্যপায়ী প্রাণী ডিম পাড়ে?,C,C,False,True,2.4382975270000316,C,,
823,DAT 2021-2022,নিচের চার প্রকোষ্ঠ বিশিষ্ট হৃদপিন্ড কোন প্রাণীতে দেখা যায়?,A,A,False,True,6.056491884999559,A,,
824,DAT 2021-2022,কোন hormone পাকস্থলির এসিড নিঃসরণ নিয়ন্ত্রণ করে?,D,D,False,True,3.2274652420001075,D,,
825,DAT 2021-2022,কোন কোষ বিভাজন পদ্ধতিতে RBC তৈরি হয়?,B,,False,False,174.68372673500016,,request_error:,
826,DAT 2021-2022,কোন hormone রক্তে Na+ এবং K+ এর সমতা রক্ষা করে?,C,C,False,True,3.4941271329998926,C,,
827,DAT 2021-2022,স্বাভাবিক অবস্থায় হৃদপিন্ডের পেসমেকার কোনটি?,B,B,False,True,3.766402164000283,B,,
828,DAT 2021-2022,নিচের কোন রক্তকণিকাটি স্মৃতিকোষ?,D,D,False,True,4.11142202100018,D,,
829,DAT 2021-2022,যকৃতে অবস্থিত ম্যাক্রোফেজকে কি কোষ বলে?,B,B,False,True,5.5264821569999185,B,,
830,DAT 2021-2022,পূর্ণবয়স্ক সুস্থ মানুষের দেহের ওজনের কত শতাংশ রক্ত থাকে?,A,A,False,True,4.341946303000441,A,,
831,MAT 2024-2025,নিচের কোনটিতে হাইড্রার বহিঃকোষীয় পরিপাক সংঘটিত হয়?,C,C,False,True,7.743640834999496,C,,
832,DAT 2021-2022,ব্লাড গ্রুপ AB তে প্লাজমায়-,A,A,False,True,5.173054246999527,A,,
833,DAT 2021-2022,কোনটি প্লাজমা প্রোটিন নয়?,A,A,False,True,3.4152704899997843,A,,
834,DAT 2021-2022,কোন রক্তকণিকা দেহে antibody তৈরি করে?,D,D,False,True,2.548692516999836,D,,
835,DAT 2021-2022,কোনটি Live attenuated ভ্যাক্সিন?,A,A,False,True,10.498828005000178,A,,
836,DAT 2021-2022,আমাদের জাতীয় পাখির বৈজ্ঞানিক নাম কি?,B,B,False,True,5.377904842999669,B,,
837,MAT 2021-2022,মানবদেহের কোন অঙ্গে সবচেয়ে বেশি মাত্রায় রক্ত প্রবাহিত হয়?,C,C,False,True,18.08015368999986,C,,
838,MAT 2021-2022,ক্ষুদ্রান্ত্রের কোন স্তরে গবলেট কোষ থাকে?,B,B,False,True,8.086171288000514,B,,
839,MAT 2021-2022,ভ্রুণ অবস্থায় মাতৃগর্ভে কখন প্রথম হৃদস্পন্দন শুরু হয়?,C,C,False,True,10.850671021999915,C,,
840,MAT 2021-2022,মাতৃদুগ্ধে কোন ধরনের immunoglobulin থাকে?,D,D,False,True,3.670636832999662,D,,
841,MAT 2021-2022,মানুষের হৃদপিন্ডের কোন প্রকোষ্ঠের প্রাচীর সবচেয়ে পুরু?,D,D,False,True,3.817740254000455,D,,
842,MAT 2021-2022,প্রজাপতি' এর প্রতিসাম্যতা কোন ধরনের?,C,C,False,True,4.1188736340000105,C,,
843,MAT 2021-2022,ঘাসফড়িং এর কোন গ্রন্থি থেকে জুভেনাইল হরমোন ক্ষরিত হয়?,D,D,False,True,4.377567808000094,D,,
844,MAT 2021-2022,রক্তে অক্সিজেনের মাত্রা (O₂ saturation) ও হৃদস্পন্দন পরিমাপক যন্ত্রের নাম হল-,A,A,False,True,3.4324504850001176,A,,
845,MAT 2021-2022,কেঁচো কোন অঙ্গের মাধ্যমে শ্বাসপ্রশ্বাস নেয়?,C,C,False,True,3.513561824000135,C,,
846,MAT 2021-2022,কোন এনজাইম লালা গ্রন্থিতে পাওয়া যায়?,D,D,False,True,13.343927836000148,D,,
847,MAT 2021-2022,"কোন রক্ত কনিকা ""cell-mediated immunity” এর সাথে সম্পৃক্ত?",B,B,False,True,3.65083796899944,B,,
848,MAT 2021-2022,কোনটি autosomal recessive disorder?,A,A,False,True,7.6944614289996025,A,,
849,MAT 2021-2022,কোন এনজাইম আমিষ পরিপাকে সাহায্য করে?,B,B,False,True,3.895988734999264,B,,
850,MAT 2021-2022,কোন পদ্ধতিতে কোভিড ১৯ ভ্যাক্সিন প্রস্তুত করা হয় না?,D,D,False,True,7.8654332830001294,D,,
851,MAT 2020-2021,কোনটি ভাইরাস বৃদ্ধিতে বাঁধা দেয়?,A,A,False,True,6.643877026999689,A,,
852,MAT 2020-2021,Alveolus থেকে অক্সিজেন রক্তে কিভাবে প্রবেশ করে?,D,D,False,True,4.287102423000761,D,,
853,MAT 2020-2021,কোনটি Exocrine গ্রন্থি নয়?,A,A,False,True,6.604781920000278,A,,
854,MAT 2020-2021,কোনটি হাড়ের সাথে পেশি সংযুক্ত করে?,D,D,False,True,2.646166588999222,D,,
855,MAT 2020-2021,মানবদেহের রক্তে কোন বাফার দ্রবণ (buffer solution) থাকে?,A,A,False,True,6.549747260000004,A,,
856,MAT 2020-2021,কোনটি আমিষ পরিপাককারী (digesting) এনজাইম?,B,B,False,True,3.756539652000356,B,,
857,MAT 2020-2021,নেমাটোসিস্টের (Nematocyst) ভিতরে বিষাক্ত তরল পদার্থের নাম কী?,A,A,False,True,5.319544135999422,A,,
858,MAT 2020-2021,ঘাসফড়িং এর রক্ত কণিকার নাম কী?,D,D,False,True,4.043493338000189,D,,
859,MAT 2020-2021,ক্ষুদ্রান্ত্রের কোন স্তরে পানপাত্র সেল (Goblet cell) পাওয়া যায়?,C,C,False,True,6.967176985000151,C,,
860,MAT 2020-2021,মাথার খুলিতে কয়টি হাড় রয়েছে?,C,C,False,True,13.687633900000037,C,,
861,MAT 2020-2021,কোনটি attenuated টিকা?,B,B,False,True,3.9523340940004346,B,,
862,MAT 2020-2021,কোন কোষ ম্যাক্রোফেজে (macrophages) রূপান্তরিত হয়?,B,B,False,True,4.057169568000063,B,,
863,MAT 2020-2021,কোন পদ্ধতিতে Hydra লম্বা দূরত্ব অতিক্রম করে?,B,D,False,False,19.451572128000407,D,,
864,MAT 2020-2021,কোষের কোথায় ক্রেবস চক্র (Krebs cycle) সংঘটিত হয়?,C,C,False,True,3.2805969560004087,C,,
865,MAT 2020-2021,কোন এনজাইম অগ্ন্যাশয়ে নাই?,A,A,False,True,23.59301721400061,A,,
866,MAT 2020-2021,ভ্রূণে লোহিত কণিকাসমূহ নিম্নের কোথায় তৈরি হয়?,AC,C,True,False,12.680056861000594,C,,
867,MAT 2020-2021,প্রাণিজগতের বৃহত্তম Phylum কোনটি?,A,A,False,True,2.936839064999731,A,,
868,MAT 2020-2021,লিভারের কোন লোবটি পিত্তথলির সাথে সংযুক্ত থাকে?,A,A,False,True,18.7371454969998,A,,
869,MAT 2020-2021,মানুষের সোমাটিক কোষে কয়টি অটোসোম থাকে?,C,C,False,True,4.071114741000201,C,,
870,MAT 2020-2021,গ্রোথ হরমোন কোথায় তৈরি হয়?,D,D,False,True,4.50532568699964,D,,
871,MAT 2020-2021,Golgi complex কোনটি সংশ্লেষ (synthesis) করে না?,B,B,False,True,27.658398630000192,B,,
872,AFMC 2019-2020,পেসমেকারে কোন ব্যাটারি ব্যবহৃত হয়?,A,A,False,True,4.629045052000038,A,,
873,AFMC 2019-2020,দ্বিপদ নামকরণের জনক কে?,A,A,False,True,4.005999570000313,A,,
874,AFMC 2019-2020,অন্তঃশ্বসন প্রধানত কোষের কোথায় সংঘটিত হয়?,B,B,False,True,2.720719203999579,B,,
875,AFMC 2019-2020,নিচের কোনটি হিমোসিলোমেট?,C,C,False,True,6.215653195999948,C,,
876,AFMC 2019-2020,কোনটির 6 টি কোডন আছে?,A,A,False,True,7.774267330000839,A,,
877,AFMC 2019-2020,অত্যাবশ্যকীয় অ্যামিনো এসিড নয় কোনটি?,C,D,False,False,4.468280738000431,D,,
878,AFMC 2019-2020,ইনসুলিন কোথা থেকে নিঃসৃত হয়?,A,A,False,True,4.076406071999372,A,,
879,AFMC 2019-2020,মৎস্যখনি বলা হয়?,B,B,False,True,6.112549957999363,B,,
880,AFMC 2019-2020,অ্যাপেন্ডিক্স কোথায় থাকে?,B,B,False,True,3.204941491999307,B,,
881,AFMC 2019-2020,পিত্তথলি কোথায় উন্মুক্ত হয়?,C,C,False,True,10.551047710000603,C,,
882,AFMC 2019-2020,কত BMI কে স্বাভাবিক ওজন হিসেবে ধরা হয়?,C,C,False,True,4.5275680280001325,C,,
883,AFMC 2019-2020,লোহিত রক্তকণিকার সাথে সম্পৃক্ত নয় কোনটি?,C,C,False,True,5.794497079000394,C,,
884,AFMC 2019-2020,কোনটি O₂ যুক্ত রক্ত পরিবহন করে?,A,AC,False,False,14.617111143999864,"A,C",,
885,AFMC 2019-2020,কোনটি লালাগ্রন্থি নয়?,D,D,False,True,5.241753448999589,D,,
886,AFMC 2019-2020,স্বরযন্ত্রের তরুণাস্থি নয় কোনটি?,A,A,False,True,6.769426847999966,A,,
887,AFMC 2019-2020,শ্রোণী অস্থি নয় কোনটি?,D,D,False,True,3.8072777480001605,D,,
888,AFMC 2019-2020,দেহের ভারসাম্য রক্ষা করে কোনটি?,B,B,False,True,3.8983109200007675,B,,
889,AFMC 2019-2020,বয়ঃসন্ধিকালে জরায়ু বৃদ্ধি নিয়ন্ত্রণে ভূমিকা নেই কার?,D,C,False,False,24.431636641000296,C,,
890,AFMC 2019-2020,গ্রন্থিরাজ বলা হয় কোনটিকে?,C,C,False,True,4.988325839999561,C,,
891,AFMC 2019-2020,মানবদেহে কোন ইউমিউনোগ্লোবিউলিন অনুপস্থিত?,A,A,False,True,3.701120851000269,A,,
892,AFMC 2019-2020,সেক্স লিঙ্কড জিন নয় কোনটি?,B,B,False,True,20.5890716240001,B,,
893,AFMC 2019-2020,রক্ত জমাট বাধার ফ্যাক্টর নয় কোনটি?,C,C,False,True,23.447282246999748,C,,
894,AFMC 2018-2019,নিচের কোন প্রাণীটি ত্রিস্তরী?,B,B,False,True,6.298149889000342,B,,
895,MAT 2024-2025,মস্তিষ্কের কোন অংশ মানুষের ক্ষুধা নিয়ন্ত্রণ করে?,C,C,False,True,2.7991522160000386,C,,
896,MAT 2024-2025,ডেলটয়েড টিউবারসিটি কোন অস্থির অংশ?,D,D,False,True,4.1848887189999004,D,,
897,MAT 2024-2025,ফুসফুসের আবরণকে কি বলে?,D,D,False,True,3.373932663999767,D,,
898,MAT 2024-2025,নিচের কোনটি মানুষের দ্বিতীয় মস্তিষ্ক হিসাবে পরিচিত?,B,B,False,True,5.465438770000219,B,,
899,MAT 2024-2025,কানের কোন অংশ ভারসাম্য রক্ষায় কাজ করে?,B,B,False,True,4.714768902999822,B,,
900,MAT 2024-2025,নিচের কোন হরমোনটি মানুষের ডিম্বাশয় থেকে নিঃসৃত হয়??,C,C,False,True,4.770357599999443,C,,
901,MAT 2024-2025,কোন চক্রের মাধ্যমে যকৃতে ইউরিয়া তৈরী হয়?,B,B,False,True,3.343429334000575,B,,
902,MAT 2024-2025,কোন এন্টিবডি প্রধানত এলার্জির সাথে সংশ্লিষ্ট?,D,D,False,True,3.731540906999726,D,,
903,MAT 2024-2025,মানবদেহে সপ্তম করোটিক স্নায়ুর নাম কি?,B,B,False,True,6.676907950999521,B,,
904,MAT 2024-2025,এনজিওপ্লাস্টি করলে কি হয়?,B,B,False,True,5.222949324999718,B,,
905,MAT 2024-2025,কোন কোষ হেপারিন তৈরী ও নিঃসরণ করে?,D,D,False,True,4.636734570000044,D,,
906,MAT 2024-2025,ডাক্টাস ক্যুভেইরি রুই মাছের কোন তন্ত্রের অংশ?,B,B,False,True,7.521402454999588,B,,
907,MAT 2024-2025,পেসমেকারের কাজ কি?,D,D,False,True,4.591047589000482,D,,
908,MAT 2024-2025,"পূর্ণবয়স্ক সুস্থ মানুষের দুই বৃক্কে প্রতি মিনিটে মোট রক্ত সঞ্চালনের
পরিমাণ-",D,D,False,True,8.296031558999857,D,,
909,MAT 2024-2025,কোনটির উপস্থিতিতে স্নেহ পদার্থের ইমালসিফিকেশন হয়?,A,A,False,True,4.59608368499994,A,,
910,MAT 2024-2025,নিচের কোনটি নাইট্রোজেনবিহীন পদার্থ?,A,A,False,True,3.919467872000496,A,,
911,MAT 2022-2023,মুখে খাওয়ার পোলিও ভ্যাকসিনটি কোন ধরনের ভ্যাকসিন?,B,B,False,True,11.201573804999498,B,,
912,MAT 2022-2023,নিচের কোনটি ম্যাক্রোফেজের কাজ নয়?,B,B,False,True,7.497182271999918,B,,
913,MAT 2022-2023,অন্তঃশ্বসন-,AB,B,True,False,60.31293006300075,B,,
914,MAT 2022-2023,Mollusca এর ক্ষেত্রে কোনটি সঠিক?,B,B,False,True,12.301832529000421,B,,
915,MAT 2022-2023,গ্লুকাগন-,D,D,False,True,6.91810108899972,D,,
916,MAT 2022-2023,মানবদেহে কোনটি লুপ্তপ্রায় অংগ?,B,B,False,True,21.15713229099947,B,,
917,MAT 2022-2023,কোন উদ্দীপনা অ্যানিমোট্যাক্সিসকে প্রভাবিত করে?,A,A,False,True,4.460077914000067,A,,
918,MAT 2022-2023,মায়োফাইব্রিলে কি ধরনের আমিষ থাকে?,A,A,False,True,4.435696010999891,A,,
919,MAT 2022-2023,অন্ত্রের প্রথম প্রতিরক্ষার স্তর কোনটি?,A,A,False,True,11.337480535000395,A,,
920,MAT 2022-2023,বুকের দুধের কোন উপাদানটি নবজাতকের প্রতিরক্ষায় কার্যকর?,B,B,False,True,5.043772293999609,B,,
921,DAT 2021-2022,নিচের কোন স্তন্যপায়ী প্রাণী ডিম পাড়ে?,C,C,False,True,2.38948481800071,C,,
923,DAT 2021-2022,নিচের চার প্রকোষ্ঠ বিশিষ্ট হৃদপিন্ড কোন প্রাণীতে দেখা যায়?,A,A,False,True,5.781566268000461,A,,
924,DAT 2021-2022,কোন hormone পাকস্থলির এসিড নিঃসরণ নিয়ন্ত্রণ করে?,D,D,False,True,3.113651993999156,D,,
925,DAT 2021-2022,কোন কোষ বিভাজন পদ্ধতিতে RBC তৈরি হয়?,B,D,False,False,17.417075874999682,D,,
926,DAT 2021-2022,কোন hormone রক্তে Na+ এবং K+ এর সমতা রক্ষা করে?,C,C,False,True,3.640795154999978,C,,
927,DAT 2021-2022,স্বাভাবিক অবস্থায় হৃদপিন্ডের পেসমেকার কোনটি?,B,B,False,True,4.30356782600029,B,,
928,DAT 2021-2022,নিচের কোন রক্তকণিকাটি স্মৃতিকোষ?,D,D,False,True,5.120627610999691,D,,
929,DAT 2021-2022,যকৃতে অবস্থিত ম্যাক্রোফেজকে কি কোষ বলে?,B,B,False,True,2.98714001999997,B,,
930,DAT 2021-2022,পূর্ণবয়স্ক সুস্থ মানুষের দেহের ওজনের কত শতাংশ রক্ত থাকে?,A,A,False,True,4.423285785000189,A,,
931,MAT 2024-2025,নিচের কোনটিতে হাইড্রার বহিঃকোষীয় পরিপাক সংঘটিত হয়?,C,C,False,True,9.1270642340005,C,,
932,DAT 2021-2022,ব্লাড গ্রুপ AB তে প্লাজমায়-,A,A,False,True,6.088867356999799,A,,
933,DAT 2021-2022,কোনটি প্লাজমা প্রোটিন নয়?,A,A,False,True,3.235501682999711,A,,
934,DAT 2021-2022,কোন রক্তকণিকা দেহে antibody তৈরি করে?,D,D,False,True,3.013220010000623,D,,
935,DAT 2021-2022,কোনটি Live attenuated ভ্যাক্সিন?,A,A,False,True,8.491831158000423,A,,
936,DAT 2021-2022,আমাদের জাতীয় পাখির বৈজ্ঞানিক নাম কি?,B,B,False,True,4.6688282429995525,B,,
937,MAT 2021-2022,মানবদেহের কোন অঙ্গে সবচেয়ে বেশি মাত্রায় রক্ত প্রবাহিত হয়?,C,C,False,True,18.141818330000206,C,,
938,MAT 2021-2022,ক্ষুদ্রান্ত্রের কোন স্তরে গবলেট কোষ থাকে?,B,B,False,True,4.819915033000143,B,,
939,MAT 2021-2022,ভ্রুণ অবস্থায় মাতৃগর্ভে কখন প্রথম হৃদস্পন্দন শুরু হয়?,C,C,False,True,11.649630449999677,C,,
940,MAT 2021-2022,মাতৃদুগ্ধে কোন ধরনের immunoglobulin থাকে?,D,D,False,True,3.148124657000153,D,,
941,MAT 2021-2022,মানুষের হৃদপিন্ডের কোন প্রকোষ্ঠের প্রাচীর সবচেয়ে পুরু?,D,D,False,True,3.8016214500003116,D,,
942,MAT 2021-2022,প্রজাপতি' এর প্রতিসাম্যতা কোন ধরনের?,C,C,False,True,4.40881512300075,C,,
943,MAT 2021-2022,ঘাসফড়িং এর কোন গ্রন্থি থেকে জুভেনাইল হরমোন ক্ষরিত হয়?,D,D,False,True,4.5059820389997185,D,,
944,MAT 2021-2022,রক্তে অক্সিজেনের মাত্রা (O₂ saturation) ও হৃদস্পন্দন পরিমাপক যন্ত্রের নাম হল-,A,A,False,True,3.884311282999988,A,,
945,MAT 2021-2022,কেঁচো কোন অঙ্গের মাধ্যমে শ্বাসপ্রশ্বাস নেয়?,C,C,False,True,3.919377940999766,C,,
946,MAT 2021-2022,কোন এনজাইম লালা গ্রন্থিতে পাওয়া যায়?,D,D,False,True,13.613570701999379,D,,
947,MAT 2021-2022,"কোন রক্ত কনিকা ""cell-mediated immunity” এর সাথে সম্পৃক্ত?",B,B,False,True,3.9842637199999444,B,,
948,MAT 2021-2022,কোনটি autosomal recessive disorder?,A,A,False,True,7.605852364999919,A,,
949,MAT 2021-2022,কোন এনজাইম আমিষ পরিপাকে সাহায্য করে?,B,B,False,True,4.072097765000763,B,,
950,MAT 2021-2022,কোন পদ্ধতিতে কোভিড ১৯ ভ্যাক্সিন প্রস্তুত করা হয় না?,D,D,False,True,5.83892175300025,D,,
951,MAT 2020-2021,কোনটি ভাইরাস বৃদ্ধিতে বাঁধা দেয়?,A,A,False,True,6.644398293999984,A,,
952,MAT 2020-2021,Alveolus থেকে অক্সিজেন রক্তে কিভাবে প্রবেশ করে?,D,D,False,True,4.899917308000113,D,,
953,MAT 2020-2021,কোনটি Exocrine গ্রন্থি নয়?,A,A,False,True,6.626347266000266,A,,
954,MAT 2020-2021,কোনটি হাড়ের সাথে পেশি সংযুক্ত করে?,D,D,False,True,2.7054267570001684,D,,
955,MAT 2020-2021,মানবদেহের রক্তে কোন বাফার দ্রবণ (buffer solution) থাকে?,A,A,False,True,5.655620283000644,A,,
956,MAT 2020-2021,কোনটি আমিষ পরিপাককারী (digesting) এনজাইম?,B,B,False,True,3.3783336840006086,B,,
957,MAT 2020-2021,নেমাটোসিস্টের (Nematocyst) ভিতরে বিষাক্ত তরল পদার্থের নাম কী?,A,A,False,True,6.276401941000586,A,,
958,MAT 2020-2021,ঘাসফড়িং এর রক্ত কণিকার নাম কী?,D,D,False,True,5.904622241000652,D,,
959,MAT 2020-2021,ক্ষুদ্রান্ত্রের কোন স্তরে পানপাত্র সেল (Goblet cell) পাওয়া যায়?,C,C,False,True,7.021502535999389,C,,
960,MAT 2020-2021,মাথার খুলিতে কয়টি হাড় রয়েছে?,C,C,False,True,13.756183645999954,C,,
961,MAT 2020-2021,কোনটি attenuated টিকা?,B,B,False,True,4.210227786999894,B,,
962,MAT 2020-2021,কোন কোষ ম্যাক্রোফেজে (macrophages) রূপান্তরিত হয়?,B,B,False,True,3.801595224000266,B,,
963,MAT 2020-2021,কোন পদ্ধতিতে Hydra লম্বা দূরত্ব অতিক্রম করে?,B,C,False,False,14.411454527999922,C,,
964,MAT 2020-2021,কোষের কোথায় ক্রেবস চক্র (Krebs cycle) সংঘটিত হয়?,C,C,False,True,3.5028814199995395,C,,
965,MAT 2020-2021,কোন এনজাইম অগ্ন্যাশয়ে নাই?,A,A,False,True,23.71105549999993,A,,
966,MAT 2020-2021,ভ্রূণে লোহিত কণিকাসমূহ নিম্নের কোথায় তৈরি হয়?,AC,C,True,False,13.46523833900028,C,,
967,MAT 2020-2021,প্রাণিজগতের বৃহত্তম Phylum কোনটি?,A,A,False,True,2.4474040180002703,A,,
968,MAT 2020-2021,লিভারের কোন লোবটি পিত্তথলির সাথে সংযুক্ত থাকে?,A,A,False,True,17.85076260599999,A,,
969,MAT 2020-2021,মানুষের সোমাটিক কোষে কয়টি অটোসোম থাকে?,C,C,False,True,5.301954948000457,C,,
970,MAT 2020-2021,গ্রোথ হরমোন কোথায় তৈরি হয়?,D,D,False,True,4.031449389000045,D,,
971,MAT 2020-2021,Golgi complex কোনটি সংশ্লেষ (synthesis) করে না?,B,B,False,True,20.408740287,B,,
972,AFMC 2019-2020,পেসমেকারে কোন ব্যাটারি ব্যবহৃত হয়?,A,A,False,True,4.77813159300058,A,,
973,AFMC 2019-2020,দ্বিপদ নামকরণের জনক কে?,A,A,False,True,4.193331817999933,A,,
974,AFMC 2019-2020,অন্তঃশ্বসন প্রধানত কোষের কোথায় সংঘটিত হয়?,B,B,False,True,4.476190725000379,B,,
975,AFMC 2019-2020,নিচের কোনটি হিমোসিলোমেট?,C,C,False,True,5.897640017000413,C,,
976,AFMC 2019-2020,কোনটির 6 টি কোডন আছে?,A,A,False,True,8.2215085859998,A,,
977,AFMC 2019-2020,অত্যাবশ্যকীয় অ্যামিনো এসিড নয় কোনটি?,C,D,False,False,4.260778439000205,D,,
978,AFMC 2019-2020,ইনসুলিন কোথা থেকে নিঃসৃত হয়?,A,A,False,True,4.0188503169993055,A,,
979,AFMC 2019-2020,মৎস্যখনি বলা হয়?,B,B,False,True,9.336757260000013,B,,
980,AFMC 2019-2020,অ্যাপেন্ডিক্স কোথায় থাকে?,B,B,False,True,3.1522425749999456,B,,
981,AFMC 2019-2020,পিত্তথলি কোথায় উন্মুক্ত হয়?,C,C,False,True,9.294473243000539,C,,
982,AFMC 2019-2020,কত BMI কে স্বাভাবিক ওজন হিসেবে ধরা হয়?,C,C,False,True,4.161118746000284,C,,
983,AFMC 2019-2020,লোহিত রক্তকণিকার সাথে সম্পৃক্ত নয় কোনটি?,C,C,False,True,5.995204640999873,C,,
984,AFMC 2019-2020,কোনটি O₂ যুক্ত রক্ত পরিবহন করে?,A,AC,False,False,14.454902264000339,"A,C",,
985,AFMC 2019-2020,কোনটি লালাগ্রন্থি নয়?,D,D,False,True,3.7720146109995767,D,,
986,AFMC 2019-2020,স্বরযন্ত্রের তরুণাস্থি নয় কোনটি?,A,A,False,True,7.136964693999289,A,,
987,AFMC 2019-2020,শ্রোণী অস্থি নয় কোনটি?,D,D,False,True,6.284692049000114,D,,
988,AFMC 2019-2020,দেহের ভারসাম্য রক্ষা করে কোনটি?,B,B,False,True,4.33454303400049,B,,
989,AFMC 2019-2020,বয়ঃসন্ধিকালে জরায়ু বৃদ্ধি নিয়ন্ত্রণে ভূমিকা নেই কার?,D,C,False,False,24.755635423000058,C,,
990,AFMC 2019-2020,গ্রন্থিরাজ বলা হয় কোনটিকে?,C,C,False,True,5.815857939000125,C,,
991,AFMC 2019-2020,মানবদেহে কোন ইউমিউনোগ্লোবিউলিন অনুপস্থিত?,A,A,False,True,4.123259001999941,A,,
992,AFMC 2019-2020,সেক্স লিঙ্কড জিন নয় কোনটি?,B,B,False,True,21.20359711600031,B,,
993,AFMC 2019-2020,রক্ত জমাট বাধার ফ্যাক্টর নয় কোনটি?,C,C,False,True,55.9442405890004,C,,
994,AFMC 2018-2019,নিচের কোন প্রাণীটি ত্রিস্তরী?,B,B,False,True,6.549439230999269,B,,
995,DAT 2021-2022,কোন hormone পাকস্থলির এসিড নিঃসরণ নিয়ন্ত্রণ করে?,D,D,False,True,3.2646684999999707,D,,
996,DAT 2021-2022,কোন কোষ বিভাজন পদ্ধতিতে RBC তৈরি হয়?,B,D,False,False,16.652147531000082,D,,
997,DAT 2021-2022,কোন hormone রক্তে Na+ এবং K+ এর সমতা রক্ষা করে?,C,C,False,True,3.4792374180005936,C,,
998,DAT 2021-2022,স্বাভাবিক অবস্থায় হৃদপিন্ডের পেসমেকার কোনটি?,B,B,False,True,4.419644173999586,B,,
999,DAT 2021-2022,নিচের কোন রক্তকণিকাটি স্মৃতিকোষ?,D,D,False,True,4.149517709000065,D,,
1000,DAT 2021-2022,যকৃতে অবস্থিত ম্যাক্রোফেজকে কি কোষ বলে?,B,B,False,True,3.2193955420007114,B,,
